Price,Close,High,Low,Open,Volume
2014-11-03,168.0818328857422,168.64829178882005,167.6986303780883,168.20678331697044,93600000
2014-11-04,167.49867248535156,167.9401808591387,166.65729739818286,167.63194867868253,93343000
2014-11-05,168.5566864013672,168.76494563020483,167.81528405515053,168.7232912422104,91709000
2014-11-06,169.2313995361328,169.32303408104502,167.9735187024571,168.5982962238228,107089000
2014-11-07,169.3896942138672,169.60629190977082,168.7815809292589,169.24807948792457,89540000
2014-11-10,169.9228057861328,169.97278594943364,169.21473228748746,169.42299144199433,66319000
2014-11-11,170.08941650390625,170.19771533559125,169.64790809783273,169.9894561738158,54499400
2014-11-12,169.90618896484375,170.1394382487187,169.36470742567266,169.3980360154449,90120300
2014-11-13,170.09774780273438,170.63089072585845,169.2813754822603,170.07275772126997,85357900
2014-11-14,170.13943481445312,170.34769400736153,169.70625213408658,170.0228101748697,80417500
2014-11-17,170.24769592285156,170.42263921207422,169.64790851856034,169.81452601729828,80441000
2014-11-18,171.23069763183594,171.53891714580226,170.3060263788056,170.3060263788056,76068100
2014-11-19,170.9557342529297,171.23063779545572,170.18934227579365,171.03070447967488,82373000
2014-11-20,171.25567626953125,171.363975101743,170.08941733123763,170.1560617886656,72840300
2014-11-21,172.1719970703125,173.13832256959557,171.58887399699674,172.9717177930953,142327300
2014-11-24,172.65524291992188,172.7635417967803,172.36368759850157,172.5802726410826,65880800
2014-11-25,172.5302276611328,173.09668650336496,172.27198832357809,172.88842733293296,79108300
2014-11-26,172.9717559814453,173.0717163271886,172.46360303869625,172.68018802485082,62167800
2014-11-28,172.60520935058594,173.16334243899618,172.363634289773,172.84679712253077,57890100
2014-12-01,171.40565490722656,172.0554226228248,171.08910955291802,171.93879797415676,103968400
2014-12-02,172.51353454589844,172.72179368153581,171.42225870893927,171.44724878832542,74507200
2014-12-03,173.1800079345703,173.3965929116687,172.52191450072354,172.68851930704014,68952000
2014-12-04,172.9884033203125,173.49655621325397,172.18868249935517,172.88843027323583,91316600
2014-12-05,173.27162170410156,173.66314994311185,172.89675775706397,173.16332287297476,91025500
2014-12-08,172.11370849609375,173.37158930347246,171.54723694544316,172.87177492350764,108588200
2014-12-09,171.99705505371094,172.1053538712348,169.86448354976568,170.24767323909364,125180100
2014-12-10,169.23977661132812,171.5889340172947,169.048168975757,171.53062804513303,159856400
2014-12-11,170.09774780273438,171.76382102638834,169.6978937881738,169.83950848684879,159012800
2014-12-12,167.34873962402344,169.78954372790358,167.31542374942498,168.80655382697938,202330200
2014-12-15,166.1991729736328,168.7149477532399,165.5910596483271,168.25677495562604,189965800
2014-12-16,164.8662567138672,168.60658246256986,164.82460234665464,165.42438964335642,259543800
2014-12-17,168.09848022460938,168.5566529794312,165.18285159900216,165.3078147382074,253910100
2014-12-18,172.2553253173828,177.41182444957346,169.87283988140095,170.55593606686278,257633900
2014-12-19,172.98829650878906,173.66677847149788,172.2260459758219,172.91289968304082,245084600
2014-12-22,173.78402709960938,173.78402709960938,172.9380208735829,173.1809292497312,148318900
2014-12-23,174.0185546875,174.4206156394255,173.72537752135997,174.37035961809573,122167900
2014-12-24,174.0352783203125,174.51272321470321,173.99339404996266,174.2446868907769,42963400
2014-12-26,174.59652709960938,174.93996029220176,174.43737450883302,174.4876305309124,57326700
2014-12-29,174.83103942871094,175.04044801246695,174.34520998064275,174.41222226119893,79643900
2014-12-30,173.8928680419922,174.53783718463018,173.81747124891183,174.40382542408642,73540800
2014-12-31,172.16738891601562,174.3871280021789,172.04174885396162,174.21960365901083,130333800
2015-01-02,172.0752410888672,173.28982128164603,171.0281980132217,172.8710040513878,121465900
2015-01-05,168.96763610839844,171.18736247009298,168.65771542653994,171.0198381226367,169632600
2015-01-06,167.3760986328125,169.80523308712642,166.57196404899335,169.27751936707995,209151400
2015-01-07,169.46180725097656,169.80524040998517,168.2639962375917,168.7163131733623,125346700
2015-01-08,172.46893310546875,172.6867262487599,170.86906097370908,170.88580446066396,147217800
2015-01-09,171.08688354492188,172.9045492684129,170.46702927989588,172.88779299603627,158567300
2015-01-12,169.7466583251953,171.38005613327013,169.13518860363823,171.22090350324925,144396100
2015-01-13,169.26918029785156,172.11713246858025,167.95408800557067,170.97794904403116,214553300
2015-01-14,168.24725341796875,168.44829028398178,166.329076182249,167.23371012608965,192991100
2015-01-15,166.70602416992188,169.21054318097146,166.5887558494843,168.89225075766285,176613900
2015-01-16,168.89224243164062,169.05139502609322,166.31232672791032,166.49660733398304,211879600
2015-01-20,169.25241088867188,169.8052526800065,167.6692823271497,169.53720352737625,130991100
2015-01-21,170.10679626464844,170.59262575262738,168.31425915169214,168.7833323728341,122942700
2015-01-22,172.63644409179688,172.77045587358825,169.47855902370208,170.86903510773473,174356000
2015-01-23,171.68995666503906,172.63648780718634,171.55593206802388,172.37681035748602,117516800
2015-01-26,172.0919647216797,172.18410500611472,170.75175750778004,171.47212351846696,92009700
2015-01-27,169.82200622558594,170.9779330292382,168.98437180897193,170.01465856264684,134044600
2015-01-28,167.6441650390625,171.12034303354145,167.4515126865921,171.01983098552003,168514300
2015-01-29,169.1937713623047,169.45343597255868,166.42119085534728,167.845179512446,173585400
2015-01-30,167.0662078857422,169.34457487666967,166.79817147690366,168.00436726989923,197729700
2015-02-02,169.1351318359375,169.22727212864035,165.73433831100994,167.56875964127536,163107000
2015-02-03,171.58106994628906,171.5894544723902,169.66289231873068,170.03982533587737,124212900
2015-02-04,170.92767333984375,172.03335688105557,170.46697186433883,170.81040503528672,134306700
2015-02-05,172.65313720703125,172.8039179918263,171.52233883683772,171.5977228385942,97953200
2015-02-06,172.17575073242188,173.59135489086833,171.64803697881993,173.02175686167652,125672000
2015-02-09,171.4051513671875,172.25115760866407,170.99470586202008,171.52241968562276,87219000
2015-02-10,173.23117065429688,173.4908352769414,171.44700526720317,172.45217678636325,96164200
2015-02-11,173.3316650390625,173.7672384675809,172.41027494872932,173.0636287008642,91087800
2015-02-12,174.9986114501953,175.05725200465156,173.36522660783785,174.1358488724042,97545900
2015-02-13,175.71893310546875,175.76918912151592,174.86454248880932,175.1242198738628,93670400
2015-02-17,175.99534606933594,176.17125489888508,175.14934001421074,175.40062008315908,76968200
2015-02-18,176.01219177246094,176.08757583145078,175.35045317121634,175.61850242268042,80652900
2015-02-19,175.886474609375,176.25503580478946,175.26663330916625,175.40902962897874,91462500
2015-02-20,176.94192504882812,177.01730909001168,174.8394541708134,175.4676800765873,140896400
2015-02-23,176.91673278808594,176.91673278808594,176.30525059266353,176.69056796537788,74411100
2015-02-24,177.4193115234375,177.62034834818525,176.5397929894323,176.84134183591166,72472300
2015-02-25,177.26858520507812,177.77954273792483,176.92515200830022,177.29371321642407,73061700
2015-02-26,177.05917358398438,177.33559448538486,176.44769123484664,177.17644189537057,72697900
2015-02-27,176.4561004638672,177.22672272962188,176.4058444349924,176.95867353390418,108076000
2015-03-02,177.57012939453125,177.6287571590149,176.50633007782352,176.55658609917728,87491400
2015-03-03,176.84141540527344,177.62042224162857,175.97028103152726,177.13459263233727,110325800
2015-03-04,176.09588623046875,176.31367936673297,175.11585546114185,176.23828255271755,114497200
2015-03-05,176.28851318359375,176.57330576642445,175.77755577026363,176.42252495232995,76873000
2015-03-06,173.8091583251953,175.8529885452061,173.47410963852946,175.41741502751,188128000
2015-03-09,174.529541015625,174.88971774880002,173.85105905310326,174.01021166777662,89818900
2015-03-10,171.69825744628906,173.23112959022868,171.65637317937149,173.14737383767732,157121300
2015-03-11,171.2961883544922,172.13382252737478,171.21241982469064,171.95791372730486,110145700
2015-03-12,173.4740753173828,173.54107481642993,171.88256241737415,171.93281843230224,93993500
2015-03-13,172.4103240966797,174.16934901490586,171.36328089013224,173.1977026330096,162410900
2015-03-16,174.7137451171875,174.80588539157134,172.43537904268106,173.14737323394573,136099200
2015-03-17,174.19448852539062,174.57979326503525,173.37359745498603,173.9683236156841,94510400
2015-03-18,176.28851318359375,176.96699489380757,173.07198788951843,173.7169698528693,228808500
2015-03-19,175.484375,176.29688124326645,175.09068588083855,175.8696923779417,117917300
2015-03-20,177.0334014892578,177.54663983858308,176.2593394086648,176.44444260601756,177715100
2015-03-23,176.68841552734375,177.62234052295042,176.68841552734375,177.0417908177977,71784500
2015-03-24,175.69561767578125,177.02497648718406,175.62830625623647,176.56223134011702,77805300
2015-03-25,173.12100219726562,176.1415427401764,173.0789437940414,175.90595919342294,159521700
2015-03-26,172.70870971679688,173.6342126911177,171.7411226693189,172.4478860345943,153067200
2015-03-27,173.1042022705078,173.28088353008002,172.3974387171937,172.59096388118087,118939000
2015-03-30,175.2159881591797,175.51888305800637,174.13062226074769,174.14744048299423,96180400
2015-03-31,173.68475341796875,175.08985868702868,173.62586393942064,174.3830950760514,126768700
2015-04-01,173.0705108642578,173.67630075700797,172.06927443489747,173.65106058133833,137303600
2015-04-02,173.693115234375,174.1474511913835,172.8180797669194,173.00318292971428,86900900
2015-04-06,174.8626251220703,175.3842724915507,172.6582310501748,172.79284102923077,114368200
2015-04-07,174.3998565673828,175.64508545643727,174.3662072842571,174.88785462190066,81236300
2015-04-08,174.98886108398438,175.43478802248939,174.2316300513679,174.6270766328106,89351900
2015-04-09,175.76292419433594,175.99850775421126,174.32418265640757,174.82058995483473,85548900
2015-04-10,176.72207641601562,176.76414765680897,175.81340437424785,176.01532578871172,72722900
2015-04-13,175.9227752685547,177.21849759819753,175.87229491463046,176.57904554625006,74436600
2015-04-14,176.25936889648438,176.44447212480452,175.0898600475578,175.72089027910113,75099900
2015-04-15,177.0502166748047,177.56345501531496,176.64636099585348,176.73050347987441,99529300
2015-04-16,176.999755859375,177.51299425654355,176.511757642531,176.71369192346913,68934900
2015-04-17,174.9635772705078,176.0405340803865,174.17268430486672,175.79654146932214,191113200
2015-04-20,176.56224060058594,176.89878487762067,175.81341867159364,175.8975483216817,92189500
2015-04-21,176.3518524169922,177.4119781748417,176.0489575092726,177.25211519044277,72559800
2015-04-22,177.218505859375,177.4036090579527,175.76292044889206,176.69684555504654,78264600
2015-04-23,177.6643829345703,178.32065305869497,176.69679597019564,176.81458771456835,102585900
2015-04-24,178.07672119140625,178.34596691168719,177.62238508636042,178.08514314412915,61327400
2015-04-27,177.33628845214844,178.77502988490204,177.14276331198704,178.6488290007448,79358100
2015-04-28,177.90000915527344,177.95048950951048,176.124710614009,177.31105029194075,86863500
2015-04-29,177.16793823242188,177.77371504769357,176.35180530571165,176.99965334327106,125684900
2015-04-30,175.3927459716797,176.98294155912512,174.6859823918822,176.58749494080897,161304900
2015-05-01,177.29420471191406,177.3362759497805,176.082624956061,176.18358565626897,103399700
2015-05-04,177.79905700683594,178.38801589852372,177.61395380682822,177.7233236334939,70927200
2015-05-05,175.76292419433594,177.91685120201765,175.61989223572175,177.55505391041842,113326200
2015-05-06,175.03932189941406,176.62951716104993,173.96236494118128,176.31821310169286,135060200
2015-05-07,175.73765563964844,176.16676428454488,174.60180926758275,174.93835348782315,88244900
2015-05-08,178.05140686035156,178.25334106646667,177.3446563964545,177.42879885858676,155877300
2015-05-11,177.20164489746094,178.27860177748005,177.12592437582023,178.00936897664462,75708100
2015-05-12,176.67160034179688,177.21850080867748,175.52733189153747,176.3602962613978,119727600
2015-05-13,176.70521545410156,177.71486079725807,176.46963196864294,177.08383085299312,94667900
2015-05-14,178.54786682128906,178.64041841502137,177.45407876036367,177.7317335415606,95934000
2015-05-15,178.74139404296875,178.88442600188816,178.25339585694547,178.74139404296875,76510100
2015-05-18,179.2967071533203,179.54910894555377,178.50581396874503,178.57312539278774,74549700
2015-05-19,179.23779296875,179.69214184135333,178.95172906427564,179.4144870499492,72114600
2015-05-20,179.11158752441406,179.86881850836832,178.79186149911146,179.33874911659618,76857500
2015-05-21,179.63327026367188,179.84361367147477,178.800305746969,178.96859074388553,64764600
2015-05-22,179.20408630371094,179.66683130289036,179.13677490567804,179.24614469393708,57433500
2015-05-26,177.2773895263672,179.13683056454792,176.85670278670406,178.70772187355368,124308600
2015-05-27,178.9601287841797,179.1957123211864,177.32786225039047,177.74013985932214,93214000
2015-05-28,178.75828552246094,178.86765538780898,178.0599437187743,178.6489028187674,74974600
2015-05-29,177.64756774902344,178.73293371642194,177.3783349542574,178.69087531979548,124919600
2015-06-01,178.0093994140625,178.65724777221428,177.21008431005293,178.32070350404038,93338800
2015-06-02,177.83273315429688,178.53107481645287,176.91563896743315,177.5466691977538,91531000
2015-06-03,178.3039093017578,178.934939563799,177.80750191015454,178.37122073697677,87820900
2015-06-04,176.79786682128906,178.25343978627055,176.4781406941213,177.58876018532868,151882800
2015-06-05,176.49488830566406,177.17639865376026,175.83019618068607,176.64632934375734,121704700
2015-06-08,175.40953063964844,176.5369808029363,175.33381011148174,176.3855269082631,89063300
2015-06-09,175.38427734375,175.9311777401686,174.74483820094332,175.38427734375,105034700
2015-06-10,177.48773193359375,177.8747693808545,176.09947083557088,176.1583603028673,134551300
2015-06-11,178.05987548828125,178.44690010353955,177.69807821227135,177.9336617619957,73876400
2015-06-12,176.6968231201172,177.93364304523976,176.41916835750405,177.2268924704095,135382400
2015-06-15,175.93955993652344,176.22562375888444,174.82894108970518,175.54411348394453,124384200
2015-06-16,176.8988037109375,176.98294620832493,175.611503098634,175.78818436946796,85308200
2015-06-17,177.1848602294922,177.79907219030636,176.14997431441196,177.1848602294922,126708600
2015-06-18,179.02737426757812,179.498541168069,177.21842716640742,177.790554734622,165867900
2015-06-19,178.23268127441406,178.85833074422996,177.85222416336924,178.7822419021784,130478700
2015-06-22,179.14581298828125,179.73763668332765,178.93444646142262,179.16272592265088,70696000
2015-06-23,179.27264404296875,179.6108382571635,178.87528680507396,179.35719582171498,68476800
2015-06-24,177.97064208984375,179.38256915120272,177.94527913491083,179.00211192641822,92307300
2015-06-25,177.42950439453125,178.6047016788958,177.35341554680983,178.47788693269342,97107400
2015-06-26,177.39569091796875,178.03824046485585,176.8376802347103,177.79304808852046,104174800
2015-06-29,173.67564392089844,177.40415250106332,173.5995550684352,175.89922388199795,202621300
2015-06-30,174.03919982910156,175.28203601376663,173.55727796530587,175.23129721169175,182925100
2015-07-01,175.43421936035156,175.88231537051007,174.63947914586998,175.62867295513246,135979900
2015-07-02,175.27357482910156,176.08522796006977,174.85084177981975,175.9161373205148,104373700
2015-07-06,174.77474975585938,175.56102702087796,173.7686430526982,173.97155955695555,117975400
2015-07-07,175.87384033203125,176.00065507128355,172.5680651871236,174.97764843921559,173820200
2015-07-08,172.92318725585938,174.8085731213779,172.6864577705382,174.52111773217206,164020100
2015-07-09,173.23599243164062,175.30739462196533,173.1260906151726,175.04528930383157,144113100
2015-07-10,175.41732788085938,175.840060991263,173.27829937428038,175.2566872347795,129456900
2015-07-13,177.35342407226562,177.46332589066137,176.65168567437436,176.6939615587367,106069400
2015-07-14,178.12278747558594,178.4356186976055,177.25195844557382,177.31114726353027,81709600
2015-07-15,178.0636444091797,178.6301052389795,177.58172246247167,178.16509622920623,97914100
2015-07-16,179.49246215820312,179.49246215820312,178.88372551193277,179.12890501353002,106683300
2015-07-17,179.64462280273438,179.70381161864924,179.0697120807576,179.48398218900905,89030000
2015-07-20,179.7376708984375,180.23649290059097,179.4164024889918,179.87294859756804,70446800
2015-07-21,179.02737426757812,179.86439001233205,178.72300607864796,179.60228479067754,77965000
2015-07-22,178.70614624023438,179.04434038439422,178.30032616803007,178.3341391320523,88667900
2015-07-23,177.7000732421875,178.94290954291952,177.33652898182683,178.8414577308728,90509100
2015-07-24,175.85693359375,177.86068394923439,175.5187523433079,177.80150803576151,117755000
2015-07-27,174.83395385742188,175.4765164407603,174.38585779314153,174.96078153082374,132361100
2015-07-28,176.9814453125,177.12517302174973,174.84241680878748,175.6794201097589,123544800
2015-07-29,178.19888305664062,178.42714960168323,176.9644969466987,177.1082246271734,105791300
2015-07-30,178.24122619628906,178.4103168900171,177.05756553860678,177.68321529627283,91304400
2015-07-31,177.97064208984375,178.77383243123117,177.68318666674355,178.74846947629828,103266900
2015-08-03,177.37030029296875,177.99594975548595,176.40646960253176,177.9367738459541,113965700
2015-08-04,177.02365112304688,177.75920231471846,176.53327936167062,177.29419349782842,81820800
2015-08-05,177.60707092285156,178.6554406368602,177.31960264246598,177.92833927031117,85786800
2015-08-06,176.15286254882812,177.9029706222478,175.56102597347228,177.79305590383225,116030800
2015-08-07,175.81466674804688,176.1443979994498,174.90156184397986,175.9922202991662,117858000
2015-08-10,178.02976989746094,178.11430875133064,176.939111606014,176.939111606014,80270700
2015-08-11,176.42333984375,177.09971503670914,175.65396290049918,176.67698215370766,126081400
2015-08-12,176.63475036621094,176.82075391321334,173.62489355222596,175.10445901197147,172123700
2015-08-13,176.41494750976562,177.16741177149737,175.8653868417129,176.474123424326,89383300
2015-08-14,177.05755615234375,177.13364502536876,176.0768121196026,176.22053984669174,72786500
2015-08-17,178.04672241210938,178.04672241210938,175.99224575637072,176.4572547424814,79072600
2015-08-18,177.53097534179688,178.1227990558947,177.29424585615774,177.767704827436,71692700
2015-08-19,176.1274871826172,177.55631391735295,175.30738411253319,176.7784867283554,172946000
2015-08-20,172.44972229003906,176.10212915144035,172.39053347037176,174.59720051816444,194327900
2015-08-21,167.25856018066406,172.42435856984426,166.99646775368126,170.55587281171998,346588500
2015-08-24,160.21580505371094,166.9626200395307,154.2129913663177,158.51642305863834,507244300
2015-08-25,158.3304901123047,165.2463987998871,158.03457172362724,165.2294858603302,369833100
2015-08-26,164.40928649902344,164.68827886263205,159.26038993000216,162.39707375019248,339257000
2015-08-27,168.47604370117188,168.60285846364087,165.04345318858753,166.57374485939872,274143900
2015-08-28,168.48452758789062,168.9579866640046,167.33469287413143,167.82506488890442,160414400
2015-08-31,167.1232452392578,168.3576311468453,166.565234641275,167.49525230457968,163298800
2015-09-01,162.13497924804688,164.67137663505986,161.25568759610985,163.27635033173217,256000400
2015-09-02,165.2125244140625,165.25480029684482,162.68457627282137,164.54459900815078,160269300
2015-09-03,165.3309326171875,167.4445983041861,164.8321106112458,165.93120644785185,152087800
2015-09-04,162.82833862304688,163.90208435055692,161.99978532740784,163.04816810000582,207081000
2015-09-08,166.92039489746094,167.07258553028186,165.00964582415958,165.66065844635514,116025700
2015-09-09,164.68832397460938,168.64511174347638,164.31632975430517,168.51829699800766,149347700
2015-09-10,165.5845489501953,166.74283343563752,164.23179796366657,164.493890403369,158611100
2015-09-11,166.33697509765625,166.40461392152713,164.4684896779842,165.18714089342419,119691200
2015-09-14,165.7197723388672,166.5652382690909,165.2294005512431,166.5145123774033,79452000
2015-09-15,167.79119873046875,168.239294706965,165.67753359575494,166.22708137046524,113806200
2015-09-16,169.24534606933594,169.43981250157276,167.74888081747133,168.09552490890053,99581600
2015-09-17,168.8649139404297,171.53658949176486,168.48445683551876,169.11010629524768,276046600
2015-09-18,166.1054229736328,168.85047191148456,165.68899914961318,166.3263952569317,223657500
2015-09-21,166.9638214111328,168.00064066852894,165.90149437442514,166.9468205475449,105726200
2015-09-22,164.7966766357422,165.26410313957095,163.64935821433156,164.7711818235206,153890900
2015-09-23,164.53321838378906,165.44256359360344,163.94681177842696,164.96664315094998,92790600
2015-09-24,163.9382781982422,164.40570461691456,161.94960540009873,163.30088207310462,159378800
2015-09-25,163.89578247070312,165.72297936372473,163.01191931876372,165.41702872926209,155054800
2015-09-28,159.78245544433594,163.0969230646322,159.4680108400387,162.9864369202651,178515900
2015-09-29,159.87596130371094,161.25274592471786,158.86462391687405,160.00344832543215,159045600
2015-09-30,162.85897827148438,163.02894799343923,160.99777934161122,161.7881443842376,163452000
2015-10-01,163.28392028808594,163.589870995786,161.32074198361886,163.2414246127105,131079000
2015-10-02,165.72300720214844,165.74850201198163,160.7258169891074,161.27823479382965,211003300
2015-10-05,168.67201232910156,168.90147856426722,166.85330924442903,166.96379538874163,126320800
2015-10-06,168.09413146972656,169.10546891664006,167.42274646640487,168.53606316246604,110274500
2015-10-07,169.47085571289062,169.8277959254269,167.83061655639113,169.03741812292472,124307300
2015-10-08,171.00064086914062,171.2895906714988,168.77399488521147,169.07994554884294,153055200
2015-10-09,171.10260009765625,171.5870143605235,170.4652040369294,171.1450957619426,107069200
2015-10-12,171.26405334472656,171.4680117579402,170.7456374313847,171.179062027318,56395600
2015-10-13,170.1847686767578,171.80800728553606,170.0147989670317,170.52470809621005,88038700
2015-10-14,169.36892700195312,170.71171000060897,169.0714831973024,170.1253033717427,99106200
2015-10-15,171.96949768066406,171.9779916281229,169.66636706916037,170.0403082430894,134142200
2015-10-16,172.75131225585938,172.76830014521803,171.60399429928006,172.3773712042971,114580100
2015-10-19,172.8363494873047,172.8363494873047,171.7825294024599,172.09697404482694,76523900
2015-10-20,172.61537170410156,173.23576697500354,172.13945133366403,172.394412380072,78448500
2015-10-21,171.54452514648438,173.1932453345911,171.3745424957973,173.04027651039942,102038000
2015-10-22,174.44259643554688,174.65506184661572,171.54457808414088,172.50491292402762,174911700
2015-10-23,176.35475158691406,176.72869271411736,175.3264264549621,176.13379226986535,144442300
2015-10-26,175.9213409423828,176.23578556633333,175.54739978532913,176.17630200108832,69033000
2015-10-27,175.58140563964844,175.9213450806803,174.89300687459252,175.24145323075817,77905800
2015-10-28,177.57859802246094,177.60409283580253,175.24998528485906,175.92137031595516,135906700
2015-10-29,177.4765625,177.85050360093226,176.949652567517,177.06863264800853,90525500
2015-10-30,176.711669921875,177.9949689007674,176.55020715321908,177.67201742774458,131076900
2015-11-02,178.80235290527344,178.9978174110078,176.91565941762744,177.04314641795082,86270800
2015-11-03,179.32077026367188,179.88168194645053,178.21594775852338,178.44541398654317,95246100
2015-11-04,178.77685546875,179.74569700481345,178.23294465846624,179.6182229742222,96224500
2015-11-05,178.59835815429688,179.303744633463,177.69750719493086,178.83631829571976,78408700
2015-11-06,178.5048828125,178.7428559350105,177.16211321174407,178.24993476669562,110471500
2015-11-09,176.83917236328125,178.03748012203968,175.8788247734861,177.8844983175024,131008700
2015-11-10,177.2471160888672,177.28111781158165,176.08280995912102,176.35475890154848,75874600
2015-11-11,176.55026245117188,177.57009382958077,176.48227196356336,177.51910420583926,67846000
2015-11-12,174.0856475830078,175.9723413784113,174.0686596878124,175.49642095576158,121315200
2015-11-13,172.13095092773438,173.94116016103513,172.0459725542902,173.66921121101257,153577100
2015-11-16,174.74853515625,174.80803169183966,171.82500922567567,171.94400229685496,117645200
2015-11-17,174.62103271484375,175.95530844458867,174.11961757293324,175.0629642986944,121123700
2015-11-18,177.39158630371094,177.53606120178594,175.06297410574533,175.10545680622945,121342500
2015-11-19,177.2386474609375,177.66357828056675,176.9411907000532,177.27263622064964,88220500
2015-11-20,177.88453674316406,178.57292259264173,177.5021016009942,178.00351685334712,94011500
2015-11-23,177.6805419921875,178.45390606663275,177.21311559476007,177.94399697041294,64931200
2015-11-24,177.91848754882812,178.32641738586582,176.26975437398713,176.66068335219035,98874400
2015-11-25,177.89306640625,178.2500067824414,177.62959837271393,178.04603529553444,51980100
2015-11-27,178.09703063964844,178.30100213309996,177.502129993575,177.98654445971283,37317800
2015-11-30,177.35760498046875,178.3774362241042,177.24711883172347,178.2584561284777,112822700
2015-12-01,179.048828125,179.1678211931346,177.71455221246316,177.9950080847983,97858400
2015-12-02,177.22164916992188,179.3208084867932,176.96668808087108,178.99785690947155,108441300
2015-12-03,174.739990234375,177.7484936652021,174.00910896494116,177.47654478031188,166224200
2015-12-04,178.14793395996094,178.44539062281328,174.73999457810834,174.73999457810834,192913900
2015-12-07,177.0686492919922,178.24144934768975,176.09130078307723,177.81651859629824,102027100
2015-12-08,175.87884521484375,177.01765657979035,174.88450875728367,175.48791616376448,103372400
2015-12-09,174.5105743408203,177.3491089157524,173.5247317922549,175.2329618735133,162401500
2015-12-10,174.96095275878906,176.2867343958731,174.3405576015085,174.5785177431464,116128900
2015-12-11,171.570068359375,173.49075095622126,171.2556107411635,172.81936598085466,211173300
2015-12-14,172.43690490722656,172.5643919216239,169.92981590504468,171.7315312258993,182385200
2015-12-15,174.24710083007812,175.16495279843826,172.41139689335785,173.96664498131332,154069600
2015-12-16,176.79672241210938,177.10267313243813,174.0516728452925,175.38594892571237,197017000
2015-12-17,174.1026153564453,177.17910962376038,174.08561449662216,177.11111915232414,173092500
2015-12-18,171.0010223388672,173.4888284649194,170.8385855273816,173.3520512429128,251393500
2015-12-21,172.4115753173828,172.5911141119175,171.06080124503774,172.18930099346528,99094300
2015-12-22,173.97608947753906,174.2753164710669,172.30899933725252,173.30925342142444,111026200
2015-12-23,176.13055419921875,176.17330279175886,174.89946778628143,174.99350947185414,110987200
2015-12-24,175.8397979736328,176.3955033539051,175.617523648544,175.87400205135938,48539600
2015-12-28,175.4380645751953,175.48080012104543,174.35231298281101,175.138837484014,65899900
2015-12-29,177.31027221679688,177.64369024947754,176.51520346387926,176.5493944988828,92640700
2015-12-30,176.05355834960938,177.14786726116884,175.90822360663748,177.06237009705092,63317700
2015-12-31,174.2924346923828,176.01937573897408,174.2924346923828,175.36964161368934,114877900
2016-01-04,171.85592651367188,171.86447101270596,169.77846528516088,171.40282020916834,222353500
2016-01-05,172.14654541015625,172.6081960779685,171.02660324923008,172.1807364412771,110845800
2016-01-06,169.97511291503906,171.03520481895765,168.93211000986696,169.56474213445392,152112600
2016-01-07,165.8971405029297,168.79531724193933,165.5038717719709,166.99143647815808,213436100
2016-01-08,164.07614135742188,167.43598162190915,163.78547187154766,166.87173164695164,209817200
2016-01-11,164.23855590820312,165.3499536658348,162.28079634774812,165.007978100776,187941300
2016-01-12,165.56375122070312,166.32462922725026,163.40934993726216,165.70054150267637,172330500
2016-01-13,161.43446350097656,166.58962744954377,161.0497523045982,166.23910729604995,221168900
2016-01-14,164.084716796875,165.22176145959523,160.43421940318376,162.05001696704133,240795600
2016-01-15,160.5623779296875,161.37454858630082,158.60461863974453,159.67326767345475,324846400
2016-01-19,160.776123046875,162.5287102380622,159.1859726114855,162.40047755981843,195244400
2016-01-20,158.7157745361328,160.29738057582802,154.75750675573698,158.18572870543971,286547800
2016-01-21,159.6049041748047,161.46862219703272,157.85231680346672,159.19454651721006,195772900
2016-01-22,162.87924194335938,163.08441424323456,161.4771746990636,162.24659691366418,168319600
2016-01-25,160.4170379638672,162.56288045694924,160.22041020072407,162.36625269380613,130371700
2016-01-26,162.6056365966797,162.88776151086316,160.7419189178725,161.08388139535,141036800
2016-01-27,160.83599853515625,163.7683659548094,159.92122847209345,162.0756291150243,185681700
2016-01-28,161.673828125,162.60568725471418,160.00673769912686,162.4005149223214,143798800
2016-01-29,165.61500549316406,165.7517957430721,162.3321177655879,162.4518059729984,210529300
2016-02-01,165.55517578125,166.35025779487532,164.00777338816343,164.59767000100592,136061600
2016-02-02,162.57144165039062,164.11884334800064,162.04138286452832,164.11029885203087,182564900
2016-02-03,163.54611206054688,163.9564697907736,159.95545256972957,163.64015373258187,205054900
2016-02-04,163.80252075195312,164.78567259481753,162.40045381302545,163.04164320055392,139531800
2016-02-05,160.68214416503906,163.8624462780726,160.04095443329905,163.28110718291347,180788300
2016-02-08,158.5191192626953,159.11756010412398,156.27923509404857,158.81834620592562,191526700
2016-02-09,158.52764892578125,159.81858516832344,156.62118290752812,156.75797309992197,184513100
2016-02-10,158.390869140625,161.01546405769065,158.262623445505,159.36547641639672,148214100
2016-02-11,156.33059692382812,157.39070191282588,154.81738559522725,155.88603508392097,219058900
2016-02-12,159.55364990234375,159.57073890200004,157.27101612459032,158.12593572876932,127632400
2016-02-16,162.24656677246094,162.27221330518088,160.408495687362,161.3831030658153,120250700
2016-02-17,164.89686584472656,165.27303248572184,163.29815762049668,163.42640336358255,136009500
2016-02-18,164.22145080566406,165.2302623974789,163.90513482828925,165.17041178282219,102343000
2016-02-19,164.1444854736328,164.29836466714914,162.81935811210496,163.43490097623362,114793000
2016-02-22,166.52120971679688,166.66654445814518,165.67483476361315,165.7432298851363,103640300
2016-02-23,164.4180908203125,166.12792947004937,164.29838959159864,165.8543490244753,111455300
2016-02-24,165.17042541503906,165.45255038234765,161.85334701478644,162.97328934120145,150812200
2016-02-25,167.17092895507812,167.17948649765566,164.85410475255904,165.62352697253957,110728300
2016-02-26,166.7862091064453,168.14552771153978,166.6237723463962,168.05149910838898,129833700
2016-02-29,165.4782257080078,167.76085933692667,165.281597864478,166.80335361709055,125918100
2016-03-01,169.36810302734375,169.45360019554028,166.23909451987416,166.7178473536875,141799700
2016-03-02,170.1289520263672,170.1802451005767,168.63284315176347,169.0517583328648,102415000
2016-03-03,170.7958221435547,170.8129241867133,169.36810809817447,169.9494471151997,95172200
2016-03-04,171.3514862060547,172.13802352049157,170.15460428414565,170.99242162948198,129293600
2016-03-07,171.48825073242188,171.8986213684485,170.342662058171,170.41960166053875,100219000
2016-03-08,169.61599731445312,170.91547840581953,169.45357359243732,170.4025346122782,123974900
2016-03-09,170.453857421875,170.8043645095103,169.6416734449435,170.43675537892997,94801200
2016-03-10,170.590576171875,171.89861458567742,168.74396056274944,170.94965372548796,156838700
2016-03-11,173.34347534179688,173.38622392635114,170.57354447517756,172.06109607538824,137964500
2016-03-14,173.12118530273438,173.58283605705947,172.49709776882082,172.83051582612097,73612000
2016-03-15,172.83905029296875,173.1468217930014,171.881544757327,172.14656767915395,93169100
2016-03-16,173.83934020996094,174.24971099121223,172.30903993728603,172.351788524296,129303200
2016-03-17,174.9421844482422,175.45512832998386,173.3520336292735,173.75384684474128,134278500
2016-03-18,175.62960815429688,175.97333439769304,175.13119592275143,175.44914335350867,138372400
2016-03-21,175.8788299560547,176.11085241146296,175.13121807034923,175.3632405257575,72926700
2016-03-22,175.7843017578125,176.3600504951644,174.93357461578262,175.09683607764165,97471900
2016-03-23,174.62417602539062,175.5866198914878,174.45229981017533,175.3975665446024,81052500
2016-03-24,174.5468292236328,174.5812097121413,173.36096461638016,173.5843853424273,84360900
2016-03-28,174.64993286132812,175.182712346983,174.19448979540132,174.96788021730765,62408200
2016-03-29,176.2655792236328,176.3772962015791,173.92820304349829,174.23756204123143,92922900
2016-03-30,177.03897094726562,177.76939275749905,176.66945264488365,177.27958202738023,86365300
2016-03-31,176.6092529296875,177.37405501243418,176.44597836500284,176.94439062634467,94584100
2016-04-01,177.81234741210938,178.00140083291413,175.2859181634635,175.60387879608206,114423500
2016-04-04,177.23655700683594,177.94121288496888,176.92719812829498,177.73496926183614,63497000
2016-04-05,175.4663543701172,177.24515821434676,175.20855310089513,175.87882853348216,99662200
2016-04-06,177.38265991210938,177.44281922561294,175.28589541696368,175.4663602451567,91839800
2016-04-07,175.2600555419922,176.64357503507884,174.5210324628469,176.28265861674925,113859000
2016-04-08,175.73277282714844,176.89287217142413,175.19139138484388,176.45460600867494,95040600
2016-04-11,175.3202667236328,177.08189339891936,175.22574003045207,176.37723748387793,83757500
2016-04-12,176.95297241210938,177.23655246953857,175.04526156199742,175.49211617785394,115350600
2016-04-13,178.7404022216797,178.8263403522903,177.74357760079482,177.8810733648447,96336400
2016-04-14,178.74900817871094,179.25602221892794,178.3966932784965,178.8005789294848,65212900
2016-04-15,178.55133056640625,178.88646826180965,178.2247814382586,178.74897251181943,75761600
2016-04-18,179.8059539794922,179.84032136038064,177.8810528418327,178.55132822384562,82531000
2016-04-19,180.37310791015625,180.63090916981125,179.54815961404037,180.23562526901478,88316100
2016-04-20,180.54495239257812,181.24959505852053,179.93482328915294,180.41604522927253,81100300
2016-04-21,179.57394409179688,180.67388392951676,179.2989525762083,180.56216698726925,85695000
2016-04-22,179.57394409179688,179.84892249506825,178.66305764296482,179.21302756182476,99251700
2016-04-25,179.26458740234375,179.3075564662237,178.3450992621187,178.96381706750145,66166500
2016-04-26,179.53099060058594,180.04659318087818,179.04976851888296,179.63410587171708,75864200
2016-04-27,179.90042114257812,180.29570489742846,178.78329150474937,179.1442078900826,77329400
2016-04-28,178.26779174804688,180.25283956569822,177.84672894570838,179.13572239741129,97216200
2016-04-29,177.3052978515625,177.99276345576592,176.18816788377143,177.64043553066824,142424100
2016-05-02,178.71461486816406,178.89506657658168,177.37406401350742,177.8123169891245,62188000
2016-05-03,177.1592254638672,177.70919536177857,176.40301193712025,177.46858435096215,106422100
2016-05-04,176.17100524902344,176.89285145834552,175.66400436748364,176.15382811265513,92243800
2016-05-05,176.13658142089844,177.00449857281578,175.70691712765574,176.64358213996957,67619200
2016-05-06,176.7810821533203,176.82405120615067,175.19992066274904,175.3545935181616,89315000
2016-05-09,176.92718505859375,177.365437974021,176.47174189776288,176.65220669371254,74374900
2016-05-10,179.1270751953125,179.14426544174952,177.57169225682264,177.64044013025463,77472200
2016-05-11,177.451416015625,179.2044411840833,177.451416015625,178.66307289905612,81727000
2016-05-12,177.5029296875,178.30211217670401,176.48032646237667,178.13023595119603,89586300
2016-05-13,175.95614624023438,177.76074182027207,175.6296102388271,177.2021833900449,96474600
2016-05-16,177.69203186035156,178.1732539544167,176.0679007367224,176.12806005463986,77486800
2016-05-17,176.0335235595703,177.70921222689708,175.50073074592746,177.41704355922326,114924900
2016-05-18,176.08505249023438,177.27951889555072,174.9851127693236,175.68116693980292,120062100
2016-05-19,175.4749298095703,175.76709844041505,174.25468454635146,175.35462430790975,115430500
2016-05-20,176.58348083496094,177.10767193042963,176.04209949194592,176.09365712226793,104990400
2016-05-23,176.34292602539062,176.8842944286422,176.15387257907383,176.600714259167,58682600
2016-05-24,178.62869262695312,178.94665323344583,177.1420573148856,177.1678361326663,93537800
2016-05-25,179.84036254882812,180.2614384569682,178.62870557602616,179.31617136209022,76621400
2016-05-26,179.89187622070312,180.20983677253247,179.5739287811898,179.9778143400767,55280700
2016-05-27,180.66529846191406,180.67388702980463,180.00361158945233,180.05516922143062,64211200
2016-05-31,180.32156372070312,181.05199849211473,179.75440352965302,180.94028154506367,109879400
2016-06-01,180.69107055664062,180.87152226185222,179.5051926159826,179.7028345686533,69936200
2016-06-02,181.24102783203125,181.25820496597623,179.80595040866655,180.28717240544563,63044700
2016-06-03,180.69961547851562,181.05194334858427,179.47937044999094,180.67383666971193,101757100
2016-06-06,181.619140625,181.98005713460523,180.89729449347317,181.06056905760047,64887000
2016-06-07,181.9027099609375,182.46987010301916,181.74803707436064,181.77381588879012,60974800
2016-06-08,182.4956817626953,182.62458897035978,181.91134438070375,182.04023847604927,66170900
2016-06-09,182.24642944335938,182.36673493500118,181.48162743671188,181.75660579804375,73786900
2016-06-10,180.5192108154297,181.19807481119318,179.9692277849253,180.85434852944508,113829200
2016-06-13,179.1270751953125,180.7769848207318,179.0411501877596,179.9090675042457,117751200
2016-06-14,178.7747344970703,179.37627506857282,177.81229056237058,178.74036711896613,125059300
2016-06-15,178.52548217773438,179.90900148107715,178.3364288732544,178.77468165419728,109124500
2016-06-16,179.05833435058594,179.23021059707077,176.66940138239343,178.52555470096962,149533100
2016-06-17,178.39151000976562,178.97888613662334,177.72638207040603,178.9529732592918,117055700
2016-06-20,179.5403594970703,181.06063872339286,179.4539744537706,180.37824433115063,82789600
2016-06-21,180.0499725341797,180.46459168860147,179.47986295903394,179.92904139828562,72461700
2016-06-22,179.75634765625,180.96565943996944,179.6094904148963,180.23142595524055,95560500
2016-06-23,182.09716796875,182.1489937153061,180.7669254786246,181.2333703781346,102731400
2016-06-24,175.55819702148438,182.13169608848108,175.10901866068286,175.89507749695977,333444400
2016-06-27,172.41400146484375,174.14159661707464,171.59338322313008,174.13295020579028,230775800
2016-06-28,175.52369689941406,175.5496097769915,173.72699603116916,174.0379637426059,159382400
2016-06-29,178.5124053955078,178.745621244762,176.83663603447164,176.94028752302904,137328600
2016-06-30,180.9483184814453,181.00014422882907,178.42603105822624,178.98750740939656,165021900
2016-07-01,181.32839965820312,181.82077064141387,180.78420292528725,180.9483265863575,106055300
2016-07-05,180.0240478515625,180.60279061969862,179.41939221175642,180.4904927221259,109803700
2016-07-06,181.1038055419922,181.22473667714445,178.85792654001548,179.5230543736056,96021500
2016-07-07,180.9915313720703,181.95898058015496,180.214118712789,181.2852194273093,85593800
2016-07-08,183.68653869628906,183.93704735999953,182.07124153986243,182.3044705625056,133971000
2016-07-11,184.33444213867188,184.91319825375754,183.94573577132977,184.15305198481605,73633900
2016-07-12,185.67332458496094,185.975659071062,184.3603483083475,185.31053110994426,101275600
2016-07-13,185.64736938476562,186.10518103557467,185.1550116310957,186.09654780498565,87324100
2016-07-14,186.6839599609375,187.15905134541154,186.2866203888372,186.92582226930477,91230900
2016-07-15,186.43348693847656,187.4527620496354,185.98430837703782,187.25409223958914,107155400
2016-07-18,186.93447875976562,187.09860244511438,186.29526366433052,186.55440563169654,58725900
2016-07-19,186.7444305419922,186.7789766512481,186.2607059293666,186.51120146786656,54345700
2016-07-20,187.52183532714844,187.76369762328756,186.7444226867737,186.7444226867737,58159500
2016-07-21,186.81353759765625,187.63414279995936,186.36435909030328,187.40956013653653,67777300
2016-07-22,187.65139770507812,187.70322345284245,186.66666895603933,186.93444410649204,62787500
2016-07-25,187.1417236328125,187.49588377213644,186.5543476577908,187.44405803087028,55873100
2016-07-26,187.22816467285156,187.59095815076432,186.3730001445879,187.0381281110152,70080500
2016-07-27,187.02943420410156,187.67728231460023,186.25200856320103,187.6081769344866,84083900
2016-07-28,187.24542236328125,187.5391104042257,186.36434505994163,186.83078999670596,65035700
2016-07-29,187.54776000976562,187.9105534768131,186.69260868762066,186.97766352183814,79519400
2016-08-01,187.39224243164062,188.0055313104878,186.9344307850067,187.60819181893984,73311400
2016-08-02,186.1915740966797,187.29723396299798,185.34505614476527,187.14174354215353,92295500
2016-08-03,186.7357635498047,186.79623570997205,185.82878659134002,186.13110785065967,53993600
2016-08-04,186.93447875976562,187.2540797172292,185.0686724113399,186.8480937104743,46585500
2016-08-05,188.46331787109375,188.50651037890523,186.93440590248952,186.93440590248952,71892200
2016-08-08,188.35110473632812,188.75709073911594,188.08332953885272,188.6534260448777,39906500
2016-08-09,188.46331787109375,188.96432196460066,188.13508380883275,188.4201385437851,51251700
2016-08-10,187.99691772460938,188.65339918561597,187.6427575291098,188.5756605613861,57941100
2016-08-11,188.8693084716797,189.1198171149875,188.264652888614,188.53242799107858,72504300
2016-08-12,188.7052459716797,188.92119539053468,188.29926000979174,188.55838876801252,61313500
2016-08-15,189.24942016601562,189.60358035870865,189.06803004425004,189.07666327559406,49813500
2016-08-16,188.27333068847656,188.89525283438869,188.27333068847656,188.82616062523596,53213600
2016-08-17,188.62750244140625,188.76571323886023,187.46138343671936,188.3079015052376,75134300
2016-08-18,189.05072021484375,189.08526631520965,188.48925711549745,188.60154182706447,52989300
2016-08-19,188.77432250976562,188.95572580596175,188.08329497122244,188.57565275145973,75443000
2016-08-22,188.7656707763672,188.99889979704295,188.16101514915604,188.53244175569142,61368800
2016-08-23,189.14578247070312,189.68997923672418,189.0853103053644,189.3876447710443,53399200
2016-08-24,188.1782989501953,189.09392223171477,187.7550334115382,188.9989039753021,71728900
2016-08-25,188.04873657226562,188.47200214504778,187.63411741108456,187.7895946538379,69224800
2016-08-26,187.69454956054688,189.27530053844617,186.7962059763136,188.23874619340666,122506300
2016-08-29,188.6188507080078,188.88662586399244,187.7895991851306,187.8241584713578,70502200
2016-08-30,188.30787658691406,188.8175140070161,187.74641341975155,188.532459217678,58114500
2016-08-31,187.77232360839844,188.0919244977052,186.9862646412062,187.97099336279143,85269500
2016-09-01,187.7809600830078,188.07464810422803,186.60619481762157,187.76368044043446,97844200
2016-09-02,188.62750244140625,189.05940129806964,188.04875955513816,188.64478208621478,79293900
2016-09-06,189.19757080078125,189.27530941469155,188.18692927843497,188.91251603593935,56702100
2016-09-07,189.1802978515625,189.3617011376074,188.56700896834874,189.03345384881408,76554900
2016-09-08,188.74842834472656,189.11986820499058,188.43746064935704,188.8434466177702,74102900
2016-09-09,184.23077392578125,187.4700153275809,184.2048610490074,187.41818957403322,221589100
2016-09-12,186.8739776611328,187.27996360504122,183.392874237795,183.461979630429,168110900
2016-09-13,184.18760681152344,185.8460970563594,183.5570380888665,185.57832183908766,182828800
2016-09-14,184.1184844970703,185.45737364099438,183.55702123373487,184.23941565442752,134185500
2016-09-15,185.95834350585938,186.347049783973,183.77293666482618,183.95433995754863,134427900
2016-09-16,185.239501953125,185.5173198221608,184.54498377470577,185.3350001897204,155236400
2016-09-19,185.2742156982422,186.55041324553451,184.94431032634566,185.89929258863367,80250500
2016-09-20,185.282958984375,186.29870598375825,185.24823836560557,186.14244332866318,69665300
2016-09-21,187.36648559570312,187.54879196030262,185.30025848301804,185.99478982944933,110284400
2016-09-22,188.5471649169922,188.851026509897,188.1391415094126,188.3909023243553,76678700
2016-09-23,187.51412963867188,188.28679252438192,187.41863138326556,188.14788356250224,73630900
2016-09-26,185.99481201171875,186.85428289864367,185.79512544961167,186.6719765123018,89827300
2016-09-27,187.14942932128906,187.2449142917361,185.45650516989463,185.82982120099456,78494800
2016-09-28,188.07838439941406,188.23466025617387,186.40284015372393,187.3751761617064,87411000
2016-09-29,186.37680053710938,188.27807528148756,185.82117801680997,187.87003854424265,128070600
2016-09-30,187.78323364257812,188.49511879946738,186.9671601539571,187.218921024213,117202900
2016-10-03,187.331787109375,187.55750420956838,186.68934317439764,187.36652096915003,83512100
2016-10-04,186.37680053710938,187.67036521976723,185.77778056368308,187.44464812458133,119948100
2016-10-05,187.20159912109375,187.6356797102558,186.94114811817886,187.0106026020954,72816000
2016-10-06,187.331787109375,187.55750420956838,186.4289054615153,186.97583790565432,62927400
2016-10-07,186.6893310546875,187.78322236612325,185.95140217094973,187.60959281977821,89788300
2016-10-10,187.6616668701172,188.13046793626057,187.5140811039779,187.6616668701172,51855000
2016-10-11,185.29156494140625,187.29702764419415,184.55363616283717,187.22757318613762,130367400
2016-10-12,185.5347137451172,186.06429254381825,184.92699037995197,185.43052540552733,73866100
2016-10-13,184.92697143554688,185.43050640953876,183.36429221974143,184.18904252743556,101357000
2016-10-14,185.02247619628906,186.38549538467416,184.94434488216265,185.91668100574336,93346200
2016-10-17,184.38003540039062,185.2568732318398,184.1977157636691,184.9964222852742,58275700
2016-10-18,185.5347137451172,186.0556024547183,185.15272074315746,185.994838066454,76869700
2016-10-19,186.02952575683594,186.34206422611626,185.43918267435348,185.8038086806664,66519200
2016-10-20,185.6822967529297,186.2465961582936,185.0138090095408,185.67360666396027,73639800
2016-10-21,185.76910400390625,185.85592541065435,184.70994642759584,185.68229584424492,89089100
2016-10-24,186.55917358398438,186.93248981617688,186.2032242862656,186.65467185295552,60146600
2016-10-25,185.93406677246094,186.63727516501226,185.769114038981,186.37682417778538,66542300
2016-10-26,185.5607147216797,186.151057772492,184.85749326821116,185.10059050646305,75705500
2016-10-27,185.06593322753906,186.32476439847545,184.98780189385303,186.29004377697814,77220200
2016-10-28,184.51895141601562,185.7256947958441,183.7983893719694,185.0398533665246,140623200
2016-10-31,184.527587890625,185.08321029442493,184.3626352126545,184.85747999948296,61272500
2016-11-01,183.19061279296875,184.9095807819969,181.9665160849483,184.85748000441296,122781800
2016-11-02,182.08811950683594,183.26881916918595,181.645348854025,182.87813606444982,103330800
2016-11-03,181.2546844482422,182.52220556023366,180.9768797677914,182.30516527200203,88939300
2016-11-04,181.05494689941406,182.2182792525763,180.90736114539348,181.36748533354097,109122100
2016-11-07,185.04849243164062,185.08322628636347,181.05496019898482,181.05496019898482,109794900
2016-11-08,185.88197326660156,186.4549627707179,184.38005827589095,184.64918609680063,106772100
2016-11-09,187.85264587402344,188.47772273551467,184.34526867931334,184.37131244461855,258429000
2016-11-10,188.3214874267578,189.52823071825003,186.84561633780189,188.65139285440281,172113300
2016-11-11,187.8874053955078,188.1304894200947,186.93243622665517,187.59223382952166,100552700
2016-11-14,188.034912109375,188.62526824018693,187.2796165825182,188.41690491512148,94580000
2016-11-15,189.50221252441406,189.50221252441406,188.21733774677168,188.42568794217505,91652600
2016-11-16,189.14625549316406,189.3806627004331,188.75558564577375,188.87712767045267,65617700
2016-11-17,190.11856079101562,190.17932516570167,189.18962226682044,189.30248742320262,69797200
2016-11-18,189.69314575195312,190.36163331573144,189.5108261447106,190.18800379512342,86265800
2016-11-21,191.1256561279297,191.15169990051706,190.12727618651556,190.27486198020628,72402600
2016-11-22,191.49899291992188,191.68129934768248,190.7610506248461,191.4382152792762,67429000
2016-11-23,191.6031036376953,191.65519117098123,190.77835345080595,190.9780267440966,56620200
2016-11-25,192.3150177001953,192.34973830954064,191.8722471367621,191.95039169018756,37872300
2016-11-28,191.41212463378906,192.28028559325466,191.30794955772038,192.00248097470984,76572500
2016-11-29,191.7854766845703,192.24560101956948,191.1430326851906,191.44689437679568,69886700
2016-11-30,191.32528686523438,192.5754405728504,191.26450924888056,192.41048789655622,113291800
2016-12-01,190.6221466064453,191.62920345439173,190.25750727262212,191.62920345439173,79040500
2016-12-02,190.7176055908203,191.21246372842356,190.3529795538375,190.70892874961328,74840300
2016-12-05,191.8636016845703,192.21086082317365,191.36006666063457,191.55974000297715,67837800
2016-12-06,192.47125244140625,192.50598629280665,191.56837101123932,192.05453895418174,59877400
2016-12-07,194.9889678955078,195.04973227764555,192.19348838711545,192.3150303984766,110738100
2016-12-08,195.4664764404297,195.94396771945682,194.69381355149042,194.96295463391502,99714400
2016-12-09,196.6471405029297,196.664507431863,195.65743750709706,195.69217136496368,88005800
2016-12-12,196.42144775390625,197.0378479601064,195.9960440483829,196.55166661932816,102016100
2016-12-13,197.73239135742188,198.235926446165,197.07259361032163,197.0899605436131,110477500
2016-12-14,196.1002197265625,198.14039021994182,195.65744911854148,197.42850505645325,142501800
2016-12-15,196.9076385498047,197.77579974494307,196.108931839928,196.34333907180016,124972600
2016-12-16,196.5225067138672,197.43072344133577,196.1993980662006,197.3695875754708,156420200
2016-12-19,196.95034790039062,197.37825883407623,196.5573755419899,196.7058311740452,90341100
2016-12-20,197.71017456054688,197.85864357724822,197.2560795012085,197.49185501561465,89838800
2016-12-21,197.15997314453125,197.7537957744574,197.15997314453125,197.57914284360643,67909000
2016-12-22,196.81942749023438,197.1338081473045,196.4177136908577,197.01154974317538,56219100
2016-12-23,197.1075897216797,197.11631770490723,196.67095070732805,196.86305961449077,36697800
2016-12-27,197.5966033935547,197.99830378422624,197.36081461849557,197.37828390835725,42672500
2016-12-28,195.9635772705078,197.87605821668416,195.85006019196712,197.85860225085622,64095000
2016-12-29,195.91993713378906,196.39150142081206,195.47455679725917,196.03345421992174,48696100
2016-12-30,195.20387268066406,196.33913699232525,194.50524746385966,196.2518038432868,108998300
2017-01-03,196.69715881347656,197.21238968074346,195.5095000960341,196.52249253798558,91366500
2017-01-04,197.86734008789062,198.01579575581007,197.02025932228253,197.02898730563115,78744400
2017-01-05,197.71017456054688,197.86737156198518,196.90676023421642,197.59665745829605,78379000
2017-01-06,198.4175262451172,198.88909056384182,197.27352072206014,197.82369019821098,71559900
2017-01-09,197.76254272460938,198.29524284025987,197.7276041423437,198.1555151615268,46939700
2017-01-10,197.76254272460938,198.6270794207948,197.36955696252707,197.77999869057737,63771900
2017-01-11,198.3214569091797,198.3214569091797,197.0027984828592,197.6752263341871,74650000
2017-01-12,197.82371520996094,198.01583748544206,196.45267532602904,197.7975179292288,72113200
2017-01-13,198.2777557373047,198.58339501626637,197.9633751509794,197.9983004049428,62717900
2017-01-17,197.57919311523438,198.04202949607654,197.1862205895415,197.6315876753044,61240800
2017-01-18,198.0157928466797,198.05945941311222,197.2735011928223,197.83239859772914,54793300
2017-01-19,197.2821807861328,198.23405034083208,196.8455419087301,198.09432270202456,66608800
2017-01-20,198.00704956054688,198.5048110689458,197.33462179991687,197.97211098003498,129168600
2017-01-23,197.4918212890625,198.06818798729506,196.72334568325098,198.00706545423932,75061600
2017-01-24,198.758056640625,199.17722630425882,197.59659542718077,197.7101124937954,95555300
2017-01-25,200.47842407226562,200.47842407226562,199.552738258155,199.71866319960088,84437700
2017-01-26,200.2688446044922,200.60069450732777,199.98938924943803,200.3299671351823,59970700
2017-01-27,199.95445251464844,200.4958805775303,199.77105828277595,200.34742492561637,59711100
2017-01-30,198.7144317626953,199.28205719032377,197.71889527451393,199.25585991367421,79737300
2017-01-31,198.6969451904297,198.75808104740614,197.6402862570125,198.21663961834687,75880800
2017-02-01,198.77552795410156,199.6226086539413,198.18170532852884,198.69693613456948,79117700
2017-02-02,198.9065399169922,199.19472326488747,198.0769284564747,198.77554021785878,69657600
2017-02-03,200.27760314941406,200.46099741979958,199.5091274560766,199.8235081159041,80563200
2017-02-06,199.9195098876953,200.2688290543897,199.5789320283956,199.86711534398208,57790100
2017-02-07,199.92828369140625,200.5570449684912,199.73616144978774,200.31252817464326,57931200
2017-02-08,200.1902618408203,200.3212482162007,199.3781063379658,199.92827576489415,51566200
2017-02-09,201.37794494628906,201.68358430099667,200.1902861397435,200.1902861397435,65955200
2017-02-10,202.17259216308594,202.39965297925545,201.39537524848973,201.72722516432808,66015900
2017-02-13,203.27294921875,203.53493531655516,202.64418791408414,202.67038519134803,55182100
2017-02-14,204.08506774902344,204.0938090572066,202.74022548014202,203.08953135318097,71109000
2017-02-15,205.15048217773438,205.34260441874716,203.81436779943286,203.8667623514971,86785800
2017-02-16,204.975830078125,205.36007456174207,204.216082419715,205.17668030359178,84722400
2017-02-17,205.2989044189453,205.2989044189453,204.28589882677738,204.30336811634268,77204100
2017-02-21,206.52154541015625,206.69619836744363,205.665723266665,205.67446457588758,88946100
2017-02-22,206.338134765625,206.56518225956012,205.94516231162882,206.11108727168985,62115200
2017-02-23,206.47784423828125,206.87954464020922,205.70935536479922,206.86208867502228,74615900
2017-02-24,206.73980712890625,206.7834603621468,205.57834596622465,205.62201252462796,82381600
2017-02-27,207.0629425048828,207.237595435963,206.39925603671227,206.6525007880039,56515400
2017-02-28,206.50405883789062,206.92322856534014,206.1110863855839,206.67871178056413,96961900
2017-03-01,209.39459228515625,209.86616985488715,208.16326713939324,208.18073642998147,149158200
2017-03-02,208.0760040283203,209.21126837290427,208.02360946744489,209.2025270626463,70246000
2017-03-03,208.20697021484375,208.37289519161766,207.60440617294554,207.9886506822816,81974300
2017-03-06,207.5869140625,207.9449479064396,206.975608817624,207.4035198240043,55391500
2017-03-07,206.96688842773438,207.63931622666814,206.75729690821652,207.28126904442868,65103700
2017-03-08,206.58267211914062,207.5258140977314,206.44294442042343,207.26382799392837,78168800
2017-03-09,206.84466552734375,207.17651549222413,205.86659825211814,206.70493782369232,90683900
2017-03-10,207.56947326660156,207.8576566379906,206.60886202863804,207.81399006805293,81991700
2017-03-13,207.6742706298828,207.71793720155634,207.1765090232718,207.50834565262352,57256800
2017-03-14,206.87957763671875,207.1765023193906,206.25955764458476,207.1240944399781,59880800
2017-03-15,208.6697998046875,209.09771087172086,207.22015495734965,207.45594377593264,96081800
2017-03-16,208.2593231201172,208.88808431416132,207.9274865581013,208.80949249619684,78344000
2017-03-17,207.89356994628906,208.71802450608567,207.89356994628906,208.52506648642546,89002100
2017-03-20,207.6655731201172,208.1830454579807,207.27089105535916,207.89360837498856,52537000
2017-03-21,204.99925231933594,208.4023161729764,204.86769609123587,208.27952589903765,131809300
2017-03-22,205.4816131591797,205.77105019581924,204.4028121194387,205.03430867517338,97569200
2017-03-23,205.2623748779297,206.41134386209322,204.88523810797992,205.4816441766826,100410300
2017-03-24,205.11325073242188,206.14819528445412,204.3238866972493,205.5693345707903,112504900
2017-03-27,204.9027557373047,205.16588155409934,203.13983551610986,203.42049323972518,87454500
2017-03-28,206.393798828125,206.82355806114253,204.48176370536765,204.5957880160711,93483900
2017-03-29,206.58676147460938,206.8235760701004,205.87633107127252,206.10437971253657,61950400
2017-03-30,207.2445526123047,207.44628999142324,206.3499435606555,206.52535631295132,56737900
2017-03-31,206.76222229003906,207.43756222342313,206.7095864064435,206.9025444968785,73733100
2017-04-03,206.402587890625,207.01653928019942,205.1571398194493,206.8148152628685,85546500
2017-04-04,206.53411865234375,206.62183171852433,205.72720929939496,206.1131253775737,56466200
2017-04-05,205.92013549804688,208.20930698679368,205.7096322016435,207.21820570136884,108800600
2017-04-06,206.49905395507812,207.02529223461,205.61319743569223,206.06051536390038,69135800
2017-04-07,206.28851318359375,206.9901774787926,205.79735219189456,206.24465665580632,74412300
2017-04-10,206.41134643554688,207.21825585904153,205.87632880459395,206.42889172694393,67615300
2017-04-11,206.16574096679688,206.27098593618473,204.6571672842771,206.0254054188568,88045300
2017-04-12,205.2623748779297,206.07806362852122,205.03433962515558,205.88510557496778,81864400
2017-04-13,203.92918395996094,205.66580618787887,203.92918395996094,204.92028532793222,92880400
2017-04-17,205.73599243164062,205.73599243164062,204.25372991453187,204.45545391070706,68405400
2017-04-18,205.12200927734375,205.6658061591515,204.42912428332826,204.99045307061107,83225800
2017-04-19,204.744873046875,206.06925460260774,204.51682444382035,205.6921178869927,68699900
2017-04-20,206.41134643554688,206.8586643757868,205.0431081355718,205.36762241916853,92572200
2017-04-21,205.75355529785156,206.3850520082445,205.35010724479548,206.33242951290126,110389800
2017-04-24,208.01641845703125,208.22692182374476,205.72724620367882,208.0251844119678,119209900
2017-04-25,209.22677612304688,209.57760166217784,208.57773415420453,208.6654472305555,76698300
2017-04-26,209.09519958496094,210.08630110573637,209.05135643137365,209.19167861249778,84702500
2017-04-27,209.2706298828125,209.57759887969246,208.72683290630195,209.41973140412043,57410300
2017-04-28,208.8145294189453,209.56003696635344,208.68295981660137,209.5337257225117,63532800
2017-05-01,209.34080505371094,209.77057775174788,208.91981169394552,209.34080505371094,66882500
2017-05-02,209.4197540283203,209.60393276971837,209.00752662005533,209.48114248107376,57375700
2017-05-03,209.16537475585938,209.5162136789032,208.48125558484455,209.41973464795822,73137700
2017-05-04,209.4109344482422,209.55127000347906,208.551402592903,209.47233627233402,61462700
2017-05-05,210.2353515625,210.25289684955516,209.3407292865457,209.78804711608922,62001300
2017-05-08,210.2003173828125,210.42835262865916,209.7705447523838,210.279251116013,48385700
2017-05-09,210.0073699951172,210.66517790478292,209.6565310800804,210.4634538930969,51363200
2017-05-10,210.384521484375,210.384521484375,209.75302477628614,209.96352814002813,54293800
2017-05-11,209.9547882080078,210.1214350520664,208.85844147934728,209.92847695717106,62358300
2017-05-12,209.60386657714844,209.99854856721348,209.33197483695105,209.70034558655396,53912700
2017-05-15,210.76161193847656,210.88440218674117,210.01609111342728,210.03363640121745,61918900
2017-05-16,210.5686492919922,211.08612151379046,210.17396731575846,211.05981027425042,51241800
2017-05-17,206.8323516845703,210.56869573785852,206.7709498566779,210.56869573785852,172174100
2017-05-18,207.6655731201172,208.5251050318558,206.49027949680894,206.7534053343596,107047700
2017-05-19,209.01626586914062,209.69161906196462,208.10411146763252,208.1567339584512,115011400
2017-05-22,210.07752990722656,210.2441767127333,209.46357855783515,209.53373295507785,61010600
2017-05-23,210.54237365722656,210.70902045791715,210.06874449914434,210.4546605885046,48341700
2017-05-24,211.03353881835938,211.13878379636014,210.43711938237203,210.77919232714564,46927700
2017-05-25,212.04217529296875,212.3228464158956,211.34052425192309,211.5510142109825,64071700
2017-05-26,211.99832153320312,212.16495494807594,211.7702729114512,211.84920664214914,46629900
2017-05-30,211.8141326904297,212.06847917650947,211.51592967002296,211.67379713383758,35201900
2017-05-31,211.76156616210938,212.1474823531513,211.05990157686398,212.1123917631627,91796000
2017-06-01,213.4455108642578,213.4630561557773,211.9369369888495,212.22637407480838,68962000
2017-06-02,214.1559600830078,214.3138409542842,213.19994904979964,213.49815211615382,88666100
2017-06-05,213.998046875,214.26993863524237,213.79630950573963,213.98050158568725,44698800
2017-06-06,213.31394958496094,213.9892893864051,213.23500246656056,213.42796051929773,50375400
2017-06-07,213.7086181640625,213.93665340148786,212.98064253522554,213.65599567720548,54144300
2017-06-08,213.81385803222656,214.29625312212195,213.2788404567307,213.8050920790047,65950700
2017-06-09,213.48936462402344,214.89268011519403,212.20882602248346,214.08577069656533,132256400
2017-06-12,213.4455108642578,213.49813335568012,212.58597894370905,213.24378685276022,86108100
2017-06-13,214.4891815185547,214.54180399688343,213.6384157638858,213.98924120816596,60067000
2017-06-14,214.21731567382812,214.7698651461726,213.38408172250763,214.76109919310298,78602300
2017-06-15,213.80508422851562,213.92787448478632,212.56840232977444,212.84906003704995,66464900
2017-06-16,213.8518524169922,214.01931192144608,212.96168922559275,213.96643280391373,84553100
2017-06-19,215.63211059570312,215.69379839333104,214.5921057005733,214.68905519547187,65123800
2017-06-20,214.1779022216797,215.27959508958173,214.16028481864072,215.27078638806225,56906400
2017-06-21,214.1250457763672,214.68911204649154,213.64912032436254,214.57454512101674,55977600
2017-06-22,214.0280303955078,214.63616688755744,213.85176226190995,214.13380203438376,44148100
2017-06-23,214.28369140625,214.61859692056964,213.7019942968101,214.08979236977004,66986800
2017-06-26,214.42469787597656,215.3853843561002,214.21318143502486,214.96232457739606,56700500
2017-06-27,212.69728088378906,214.50406027965383,212.67965002842,214.20438953198877,82247700
2017-06-28,214.6009979248047,214.80370568091303,213.49048272090357,213.7284521857969,70042600
2017-06-29,212.71490478515625,214.80371055662823,211.48982262090027,214.750831440652,106949700
2017-06-30,213.11148071289062,213.91351638467995,212.9175816834822,213.53452702778173,86820700
2017-07-03,213.4728546142578,214.50403764590382,213.4728546142578,214.06336044699182,39153800
2017-07-05,213.96641540527344,214.17793185820335,213.02335972462384,213.8430263249306,54427600
2017-07-06,212.00978088378906,213.31418149041465,211.82469056233302,213.19079242557711,65400800
2017-07-07,213.38467407226562,213.5345026781961,212.01857232026632,212.59146064124582,57972300
2017-07-10,213.6138458251953,213.99283518233295,213.07621914302325,213.38469853956784,36663300
2017-07-11,213.4552459716797,213.77253412584756,212.27423418332233,213.6138833245625,50354600
2017-07-12,215.0592803955078,215.22673988176697,214.43352630816128,214.43352630816128,59610400
2017-07-13,215.42062377929688,215.5352041457138,214.83892669373375,215.06808742656762,39471600
2017-07-14,216.4253692626953,216.78672776918376,215.32367633930366,215.42062585449813,60262700
2017-07-17,216.39891052246094,216.73382944496603,216.2226423600262,216.3460314185704,33531900
2017-07-18,216.5134735107422,216.56635261039068,215.64092802134908,215.98465561746195,42742500
2017-07-19,217.68572998046875,217.69453868312064,216.82199297814856,216.83081512920143,51034300
2017-07-20,217.7826385498047,218.06466491404154,217.22738107392794,217.94127585811322,47135200
2017-07-21,217.58876037597656,217.61519992989304,216.9718015888594,217.20096232066854,82340800
2017-07-24,217.535888671875,217.67689514809538,217.05994978838052,217.50943566865845,46622300
2017-07-25,218.06475830078125,218.39967735961596,217.83561094118102,218.2939056603815,54915600
2017-07-26,218.07350158691406,218.39078969262752,217.80910603915302,218.3555414357261,47575400
2017-07-27,217.8707733154297,218.57585942260172,216.5311110566427,218.54061116902264,70766600
2017-07-28,217.61521911621094,217.74741689744872,216.92776375697264,217.38605836419754,50088400
2017-07-31,217.49185180664062,218.1176059649999,217.28032188708693,218.0206564329214,65838700
2017-08-01,217.97659301757812,218.13523036624795,217.44777495854163,218.09998210489974,55050400
2017-08-02,218.08233642578125,218.223356358392,217.1392807558979,218.10877598209566,47211200
2017-08-03,217.65928649902344,217.99419202296846,217.37724663843736,217.96775246708862,40856000
2017-08-04,218.05584716796875,218.39075262108307,217.6680491658805,218.15279666849082,60191800
2017-08-07,218.46127319335938,218.46127319335938,218.02059606926844,218.1263677239613,31995000
2017-08-08,217.92372131347656,219.37796439083195,217.5447453119981,218.14405995109982,61719400
2017-08-09,217.91490173339844,217.96778085204437,216.86608771891292,217.22744629419662,62632600
2017-08-10,214.83892822265625,217.20096483763143,214.78604911421053,217.0687536181172,120479500
2017-08-11,215.15621948242188,215.75554743321084,214.83012267661618,215.06809211651768,74869900
2017-08-14,217.28909301757812,217.5094316025287,216.41656082814976,216.45180908444587,73291900
2017-08-15,217.26263427734375,217.69450270713367,216.95416835469274,217.6768718563426,55242700
2017-08-16,217.6416473388672,218.19690488795294,217.20977886197824,217.79147596593472,56715500
2017-08-17,214.24839782714844,217.34195979996412,214.24839782714844,217.02467173732657,128490400
2017-08-18,213.9134979248047,215.21789846138776,213.46399864614796,214.08094393720762,136748000
2017-08-21,214.08099365234375,214.34540268088583,213.13795137023925,213.8518463334216,65469700
2017-08-22,216.3196258544922,216.4782631910887,214.65386657822438,214.67149743175762,63140100
2017-08-23,215.5439910888672,215.97585950850416,215.19145477172574,215.3412833789308,50203800
2017-08-24,215.04165649414062,216.09045689249942,214.83012660498235,215.93181956193098,50741700
2017-08-25,215.5439910888672,216.46941573186157,215.39416248166216,215.8436483032773,64445900
2017-08-28,215.55284118652344,216.10808528559346,215.12978141302224,216.08164573079966,40565600
2017-08-29,215.7996368408203,216.06403241021218,214.10742450630477,214.22200488530876,51135700
2017-08-30,216.822021484375,217.09525268331777,215.59693923464857,215.7820296018804,62030800
2017-08-31,218.1263885498047,218.37316668698514,216.85723615950536,217.44774194835855,103803900
2017-09-01,218.4348602294922,218.86672870509148,218.2850316028721,218.50537019173697,62007000
2017-09-05,216.86607360839844,218.15285702146775,215.88776963189554,217.9236962577093,91398800
2017-09-06,217.60638427734375,217.94130323481943,217.0158784749104,217.55350516793183,57916900
2017-09-07,217.57989501953125,217.93244474907587,217.16565749256452,217.91481390049938,58034700
2017-09-08,217.3243865966797,217.79150338941375,217.0776084212127,217.28912488681186,63832800
2017-09-11,219.64234924316406,219.7216679163515,218.59353529190219,218.6111526981205,71364800
2017-09-12,220.38262939453125,220.41787764667484,219.82737192238127,220.01246222923072,56896000
2017-09-13,220.4884033203125,220.52366502336866,219.97721621319286,220.0917965755264,59228000
2017-09-14,220.41787719726562,220.62059835397275,219.98602222949472,220.16229038665008,95446300
2017-09-15,220.71461486816406,220.80317958010252,220.1654677026699,220.271750763052,95432400
2017-09-18,221.18409729003906,221.53838324423955,220.79437463133286,221.0866666253625,46235200
2017-09-19,221.405517578125,221.49409581952085,221.07780241221613,221.43208834751533,47108100
2017-09-20,221.48521423339844,221.60036323604677,220.4754845224995,221.49408016599673,59574100
2017-09-21,220.8917694091797,221.41434583702585,220.71462646085868,221.32578112043566,48211400
2017-09-22,220.93606567382812,221.10435621047762,220.56406141577497,220.59063218312582,51214000
2017-09-25,220.48434448242188,221.03350523179586,219.73148351857776,220.67920579427366,57064400
2017-09-26,220.6171875,221.16633467364753,220.3780370954496,220.9183318523138,54082000
2017-09-27,221.47633361816406,221.86605617891735,220.43116734022215,221.32576144971657,81001400
2017-09-28,221.7420654296875,221.8217777259066,221.1043400296546,221.1929047426291,44778800
2017-09-29,222.521484375,222.6012101818095,221.5471914970392,221.73318684426965,85578000
2017-10-02,223.4869842529297,223.4869842529297,222.57467161648378,222.75182809898874,59023000
2017-10-03,223.96527099609375,223.9918417653675,223.40725781106102,223.4869836340243,66810200
2017-10-04,224.23098754882812,224.4789904003291,223.69954514410213,223.8146941519925,55953600
2017-10-05,225.55955505371094,225.5772598874695,224.2663858869019,224.56753024248064,63522800
2017-10-06,225.30270385742188,225.5949958189021,224.84213487127846,225.10784254976838,80646000
2017-10-09,224.93067932128906,225.5949754879291,224.66495815160502,225.5329815402489,35803100
2017-10-10,225.52413940429688,225.90500960789717,224.9572738228907,225.5064345688859,43057400
2017-10-11,225.87844848632812,225.87844848632812,225.2584413419271,225.42671837636715,47674300
2017-10-12,225.54185485839844,225.91385912437437,225.3027044320063,225.5595732087234,47065100
2017-10-13,225.81642150878906,226.099861044685,225.54184790535297,225.98471204383466,54800400
2017-10-16,226.11756896972656,226.312430274533,225.70128910779403,226.04672259992523,38221700
2017-10-17,226.27694702148438,226.32123612720892,225.84293540960383,226.06436742308904,31561000
2017-10-18,226.49844360351562,226.70215732975674,226.30358229488797,226.65786821140657,40888300
2017-10-19,226.56039428710938,226.59583098107814,225.28495712214885,225.71010284380236,61903800
2017-10-20,227.72962951660156,227.75622731926038,226.54277014867077,227.36650463761953,89176400
2017-10-23,226.84385681152344,228.0838980277231,226.76414450995895,228.05732726053495,63915300
2017-10-24,227.24244689941406,227.48158380573847,226.87929505851113,227.27788359933396,66935900
2017-10-25,226.11756896972656,227.0210156088163,224.97498542348984,226.9058666063922,103715300
2017-10-26,226.40992736816406,227.01221629420812,226.28592591191116,226.7376561215893,69798000
2017-10-27,228.2610626220703,228.42051428003987,226.41875940928335,227.16276803542536,85562500
2017-10-30,227.4107208251953,228.1635952193776,227.10957647357841,227.1627180044355,54285700
2017-10-31,227.76499938964844,228.02186813405802,227.46385504770726,227.79157015422328,60304800
2017-11-01,228.06619262695312,228.89877946916948,227.69420184315396,228.5533594556417,54202700
2017-11-02,228.15476989746094,228.2964896817317,226.9147555729479,227.9953452765132,56449500
2017-11-03,228.91651916503906,228.96079477357716,227.89790986580206,228.31420330114727,59589700
2017-11-06,229.27078247070312,229.40363631347665,228.71276930077096,228.78361567348904,49652600
2017-11-07,229.1113739013672,229.71366271763398,228.59763629962734,229.37708160551864,57502200
2017-11-08,229.50103759765625,229.59848176247962,228.65074603237215,228.93418556422736,50469600
2017-11-09,228.66851806640625,228.8633794000021,227.06532475847135,228.27879539921457,95085500
2017-11-10,228.5975799560547,228.77473640201453,227.95985459298925,228.27873078966127,59984700
2017-11-13,228.81015014648438,229.0404481242825,227.87128043277076,227.90671712865026,50228600
2017-11-14,228.27877807617188,228.3850611536522,227.20702730758194,227.99533851603482,61315200
2017-11-15,227.13613891601562,227.82700582212235,226.41870124545397,227.29556350274504,80811500
2017-11-16,229.06704711914062,229.43906489602563,228.0484649868761,228.09274058947273,67777000
2017-11-17,228.39390563964844,229.04049708383863,228.3141933295896,228.71278191016856,75756800
2017-11-20,228.7836151123047,228.97847642465567,228.3938924876027,228.64192236721607,48075500
2017-11-21,230.280517578125,230.46654000353632,228.7482247487562,229.56307973806878,69176800
2017-11-22,230.07679748535156,230.42221747505357,229.9085069418126,230.2893636328605,45033400
2017-11-24,230.6082000732422,230.71451017138793,230.43107063689612,230.572790404142,27856500
2017-11-27,230.49305725097656,230.95362618014764,230.28933003581355,230.6524818383497,52274900
2017-11-28,232.83140563964844,232.8579764087773,230.86508763326046,230.96253180692227,98971700
2017-11-29,232.6896514892578,233.5045333393132,232.23794848079012,232.96422507312562,77512100
2017-11-30,234.72683715820312,235.64797501744218,233.53996462280412,233.61967691656832,127894400
2017-12-01,234.2396697998047,234.99254416813477,230.9624917116021,234.5054044752455,164390900
2017-12-04,233.956298828125,236.31231244728463,233.90313025938073,235.87831420643164,94040600
2017-12-05,233.11483764648438,234.8508575773355,232.98198380514327,233.11483764648438,77994500
2017-12-06,233.15908813476562,233.59311334343843,232.6896532590715,233.21222966557778,75898600
2017-12-07,233.89425659179688,234.21310577516616,232.89337938242102,233.89425659179688,77218600
2017-12-08,235.16976928710938,235.17860819100952,233.8588814508865,234.85975892371286,76563900
2017-12-11,235.87828063964844,235.94028810245604,235.14313810870783,235.87828063964844,83077500
2017-12-12,236.29461669921875,236.77291759404025,235.91375998217808,236.67547341625945,85195800
2017-12-13,236.26806640625,236.98550429551983,236.1794881543045,236.54264006607983,102905400
2017-12-14,235.30258178710938,236.6843157630886,235.24944025190112,236.56916676004326,100666700
2017-12-15,237.2620391845703,237.73387358678244,236.26495721525006,236.3183703801461,144610300
2017-12-18,238.76658630371094,239.12268314509427,238.57072896568297,238.67755530125322,83653600
2017-12-19,237.849609375,239.06034399478307,237.77837371004463,239.01584208052034,82382900
2017-12-20,237.7249755859375,238.88229711444836,237.42229191184154,238.82888394657542,76751500
2017-12-21,238.21463012695312,238.9357623051462,237.96535959480073,238.35707431224742,67032300
2017-12-22,238.15228271484375,238.2680202890489,237.6092126747529,238.23240245811394,78720900
2017-12-26,237.8673858642578,238.08994975483265,237.60032006294546,237.7427370446829,45244400
2017-12-27,237.98312377929688,238.348131820582,237.70714672805948,238.03653693963676,57751000
2017-12-28,238.4727325439453,238.51726161928326,238.09884045437812,238.49055504145701,45116100
2017-12-29,237.57362365722656,239.07815796747732,237.37779348444516,239.0603626340739,96007400
2018-01-02,239.27403259277344,239.30965043060107,238.05438653956327,238.4461012503176,86655700
2018-01-03,240.7873992919922,240.93875467678205,239.44310483149982,239.44310483149982,90070400
2018-01-04,241.80235290527344,242.29200987226258,240.84979989414282,241.43737195346006,80636400
2018-01-05,243.41372680664062,243.53834847774326,242.10504983359883,242.6035908549054,83524000
2018-01-08,243.85888671875,244.01912624628318,243.02204407258566,243.31581653972984,57319200
2018-01-09,244.41087341308594,245.04294752341758,244.00133611933398,244.28622454060792,57254000
2018-01-10,244.03689575195312,244.3039887713562,242.96860517968702,243.64518105825425,69574300
2018-01-11,245.81739807128906,245.81739807128906,244.42860136104602,244.59775211651325,62361500
2018-01-12,247.4198455810547,247.58896914822276,245.7817513868651,246.08446219576248,90816100
2018-01-16,246.57412719726562,249.3517206893031,245.8708175731765,248.69294015216428,106555100
2018-01-17,248.9243927001953,249.31610739656406,246.5741316904318,247.51780059483406,113258800
2018-01-18,248.50599670410156,249.23598575230417,248.00742850195167,248.8086803911024,100728000
2018-01-19,249.63668823242188,249.63668823242188,248.50607289301112,249.09361794479767,140920100
2018-01-22,251.66632080078125,251.66632080078125,249.369446475561,249.42288679868687,91322400
2018-01-23,252.20057678222656,252.4943492462935,251.38152948043933,251.71091978417996,97084700
2018-01-24,252.1026153564453,253.45582147669455,250.90967591832242,252.85042692205445,134816100
2018-01-25,252.20944213867188,253.07299129959222,251.40821740043992,252.9750762083241,84587300
2018-01-26,255.12937927246094,255.17390834329632,252.79691448334572,253.0550961551875,107743100
2018-01-29,253.43798828125,254.9959357693171,253.2777487743335,254.55080791558365,90118300
2018-01-30,250.83839416503906,253.4913381227221,250.3576485959419,251.5862055122784,131796400
2018-01-31,250.96310424804688,252.20945693267677,249.87699108677276,251.7020317753834,108364800
2018-02-01,250.6781005859375,251.99568834284946,249.8768761691882,250.22408881189466,90102500
2018-02-02,245.22097778320312,249.47639953856938,245.18535994304835,249.34283943010183,173174800
2018-02-05,234.96511840820312,245.57697550742844,234.4131643667334,243.44036782465122,294681800
2018-02-06,239.59454345703125,240.1019957742592,230.30918215180586,231.41309062988736,355026800
2018-02-07,238.29476928710938,242.4700437724352,238.2146223611282,239.03366960775674,167376100
2018-02-08,229.35658264160156,238.73988542101256,229.32096480607842,238.5974412473681,246449500
2018-02-09,232.8018341064453,234.68026033887926,225.1634396020239,232.17864433323774,283565300
2018-02-12,236.2204132080078,237.70715198620536,232.94427918195427,234.87611858334884,143736000
2018-02-13,236.80807495117188,237.36002927515796,234.41328435055772,235.00085651854587,81223600
2018-02-14,240.0040283203125,240.3690364135987,235.29456811082147,235.30347936162892,120735700
2018-02-15,243.06642150878906,243.07533275634972,239.27392495547085,241.76665628150315,111200300
2018-02-16,243.1377410888672,245.10522590820366,242.38992949986672,242.43445858958052,160420100
2018-02-20,241.61541748046875,243.63631552419156,240.81419269815765,242.17628297862177,86369700
2018-02-21,240.41351318359375,244.5710187771023,240.31559810874418,242.06049147228845,98883700
2018-02-22,240.72518920898438,243.0843619032636,240.0486132015492,241.34837920450897,110511300
2018-02-23,244.5621795654297,244.5621795654297,241.48190189860867,241.96264766992383,92766400
2018-02-26,247.4020538330078,247.49999608769443,245.05179291035216,245.648249015592,86491400
2018-02-27,244.3128662109375,248.31013279452208,244.25054179125993,247.5890006796563,99099200
2018-02-28,241.83795166015625,245.87972008162694,241.51747265406172,245.42568098787888,121907800
2018-03-01,238.3214874267578,243.19118771700647,236.80804170636688,241.62432882233827,176855100
2018-03-02,239.5500030517578,240.11977976737097,235.75753206619834,236.62996530536336,139083200
2018-03-05,242.3186798095703,242.94186961204997,238.24129384843417,238.3481473445172,97307400
2018-03-06,242.93301391601562,243.38705308075063,241.41956814586666,243.30690614824894,79213200
2018-03-07,242.8439483642578,243.200045209989,240.5471006161109,240.74295795653023,87063500
2018-03-08,244.0190887451172,244.14371041345154,242.52346571442015,243.52943181719252,66901200
2018-03-09,248.265625,248.265625,245.12302318361202,245.44352939197825,113625300
2018-03-12,247.95399475097656,249.1914631497906,247.56228009008913,248.5593892431776,71924800
2018-03-13,246.35153198242188,249.63657733674845,245.7372534417953,249.12912512171866,91968900
2018-03-14,245.08746337890625,247.50896076041352,244.52662492625387,247.3220146095294,105895100
2018-03-15,244.82032775878906,246.2536264549941,244.31287546809764,245.60375715456905,83433000
2018-03-16,245.08578491210938,246.1494343264616,245.03215782207974,245.35392036225767,100343700
2018-03-19,241.76966857910156,245.2645124685636,240.09822743137104,244.32601119353234,109208400
2018-03-20,242.18087768554688,242.8244300742115,241.49261786819486,242.17193074435747,59757300
2018-03-21,241.71609497070312,244.25454426670646,241.50158658089677,242.13619208558205,78709600
2018-03-22,235.67385864257812,240.3217127299374,235.39674896275864,239.463651976115,148785900
2018-03-23,230.6505584716797,236.45147682759045,230.4539167091529,236.12076733544524,183534800
2018-03-26,236.96090698242188,237.24693629092693,231.86614290129953,234.2973374690801,141956100
2018-03-27,232.9297637939453,238.44462422454907,231.35663006646865,237.90835343313918,129941400
2018-03-28,232.2415771484375,234.75324010486088,231.12430051972626,233.06390474916398,146452300
2018-03-29,235.2090606689453,237.09503772419222,232.25051446096177,233.39460459023704,111601600
2018-04-02,230.13217163085938,235.19120347155643,227.62946925847035,234.67277184132416,186286300
2018-04-03,233.0817108154297,233.56438183129856,229.56900055368567,231.3834562363407,119956900
2018-04-04,235.5755157470703,236.29056180362554,229.3545277678125,229.48859549375928,123715300
2018-04-05,237.43463134765625,238.32845237707414,236.25478104228384,237.3541634510259,82652600
2018-04-06,232.1432342529297,236.9609161520083,230.6058607567941,235.45038347701143,179521200
2018-04-09,233.2873077392578,236.71957749939233,232.339859552842,233.6180171828032,105442900
2018-04-10,236.99667358398438,237.79218750431676,235.05709695460718,236.21010660391627,103529000
2018-04-11,235.75428771972656,237.43467593494884,235.42357824109928,235.495071934887,91140200
2018-04-12,237.69387817382812,238.65027345669506,236.9162580516454,237.0950332123296,68890500
2018-04-13,236.99667358398438,239.13291923563548,235.97773165235574,239.01671812122675,85079200
2018-04-16,238.94522094726562,239.7228683417627,237.81902472934848,238.65027193899817,63405300
2018-04-17,241.5015106201172,242.10930238490462,240.2144061315946,240.7328103363242,64682000
2018-04-18,241.68032836914062,242.49368166054583,241.2155238857566,241.9484638193557,57303900
2018-04-19,240.33963012695312,241.2245045134939,239.293847170554,241.01891578811296,77655900
2018-04-20,238.30165100097656,240.49152379639426,237.40782982362364,240.26806850205602,99953100
2018-04-23,238.26593017578125,239.44578073774375,237.17546719165088,238.88266900238622,65558000
2018-04-24,235.0570831298828,239.52618863809772,233.53757634618762,239.30273336268698,112885500
2018-04-25,235.6381378173828,236.08504851315533,233.15331543997814,234.9945853243798,103840900
2018-04-26,238.0335235595703,238.87371767670368,236.22801454044253,236.67492514414076,67731900
2018-04-27,238.25694274902344,238.95412209403148,237.30949459496776,238.65022620284893,57053600
2018-04-30,236.42471313476562,239.44583390641856,236.35319214571516,238.8827220460227,82182300
2018-05-01,236.84474182128906,236.95199599659196,234.27945216809474,235.85258614522294,74203400
2018-05-02,235.2537384033203,237.47039740553092,234.8604549137816,236.648097219955,86368900
2018-05-03,234.7353515625,235.39677061302325,231.54440289175142,234.4135889791953,136311500
2018-05-04,237.77432250976562,238.46258233956678,233.4214173243,233.7521268271737,91222100
2018-05-07,238.57879638671875,239.56197800722617,237.85477602956837,238.55198283847332,55304900
2018-05-08,238.57879638671875,238.94523912031926,236.99671520845246,238.20337943402083,67499200
2018-05-09,240.88479614257812,241.21550559852417,238.73068393163163,239.25803512858022,59666100
2018-05-10,243.13723754882812,243.46797431190714,241.52837026965904,241.63562445130248,72063900
2018-05-11,243.87911987304688,244.1472553221409,242.74394949161274,243.26238106287227,59871500
2018-05-14,243.9952850341797,244.97846638746532,243.4410930589632,244.31704752567225,54790600
2018-05-15,242.3148956298828,242.77072582347085,241.35850054595102,242.7528592220227,87036100
2018-05-16,243.3338623046875,243.79866676234266,242.3238400360223,242.35068085681644,53942600
2018-05-17,243.12828063964844,244.2187434480701,242.34171372508138,243.06570661752272,56536400
2018-05-18,242.52049255371094,243.14617830038242,242.16296953158073,242.77970833759005,64368000
2018-05-21,244.34393310546875,244.88917830203349,243.62888695094637,244.02217051911236,58025900
2018-05-22,243.66461181640625,245.1304918433957,243.3339022993385,244.87127602842583,52966400
2018-05-23,244.33499145507812,244.36183228178479,242.21663921723376,242.37754779115912,64694200
2018-05-24,243.8343963623047,244.2098132435305,242.02888747723478,243.93273087199148,76043800
2018-05-25,243.25343322753906,243.88803863956662,242.74394859887585,243.2534332275391,56374800
2018-05-29,240.45574951171875,242.37748675454355,239.32955344142255,241.60878640196242,115908600
2018-05-30,243.66461181640625,244.1115224669867,241.7071682619442,241.77866196404207,69678400
2018-05-31,242.171875,243.55728670247288,241.56408323873794,243.25339082184183,93519900
2018-06-01,244.54949951171875,244.85339546351747,243.41432906651127,243.4858500417932,71258400
2018-06-04,245.71144104003906,245.97065682421078,245.13940965943658,245.38073156226383,45385200
2018-06-05,245.89024353027344,246.27458014029992,245.06791593747943,245.8455360991994,51135000
2018-06-06,247.94602966308594,248.0532838575352,245.88130458815147,246.50699042545492,62732200
2018-06-07,247.91912841796875,248.73250880784113,246.99849387158616,248.43755987743805,72969400
2018-06-08,248.65211486816406,248.7057419564862,247.28456956143432,247.45439776687363,72139700
2018-06-11,248.98281860351562,249.70681155644567,248.75936331490124,248.8755644293418,58892500
2018-06-12,249.3046417236328,249.67108444195054,248.65214237385774,249.4029489706789,72329000
2018-06-13,248.50904846191406,249.80509980676746,248.30345981464885,249.54588408234642,79070600
2018-06-14,249.1348419189453,249.6711129226626,248.53596959510946,249.38511081310128,77097600
2018-06-15,248.81687927246094,249.15806076628613,247.2187349590701,248.34102808363485,120041600
2018-06-18,248.30519104003906,248.43090106439396,246.85969015842045,247.3445012244482,52917600
2018-06-19,247.35350036621094,247.577959077977,245.5847646215045,246.0067480956145,97531500
2018-06-20,247.77542114257812,248.44879710748353,247.43423960306797,248.04476056864502,53785500
2018-06-21,246.2222442626953,247.78449568431844,245.71945889014356,247.76652144974656,71061400
2018-06-22,246.671142578125,247.61388562827068,246.44668386138733,247.49716271160779,54898500
2018-06-25,243.31317138671875,245.66549360435937,241.60729116321681,245.50388995575892,137854200
2018-06-26,243.8519287109375,244.71384241714557,243.12468474011462,243.8878497736211,68547400
2018-06-27,241.83180236816406,245.89000569131707,241.67915840037446,244.44450485399736,105110700
2018-06-28,243.21444702148438,243.98657168616904,241.05962189268874,241.77790606886717,76650500
2018-06-29,243.5646514892578,245.70150294322943,243.44792856786069,244.31882952011603,97592500
2018-07-02,244.0854034423828,244.2470345618846,241.7330801890405,241.97551316841862,63554800
2018-07-03,243.22341918945312,245.09093074339435,242.79247606142135,244.99215467672633,42187100
2018-07-05,245.20765686035156,245.27051187428538,243.2773174590208,244.36371732932446,56925900
2018-07-06,247.28172302246094,247.65879837138314,244.84857049121615,245.23466035763548,66493700
2018-07-09,249.50831604003906,249.562183942666,248.25135264583236,248.2962334314391,50550400
2018-07-10,250.4061737060547,250.50494980301178,249.66994243691823,249.96624332803998,51966800
2018-07-11,248.57452392578125,249.63398978950374,248.26926338868938,248.8349036837908,77054700
2018-07-12,250.8280792236328,250.88194711439846,249.23892164656365,249.84944267506853,60124700
2018-07-13,251.02565002441406,251.3309105946877,250.19067016457026,250.64857471985377,48216000
2018-07-16,250.8011016845703,251.21409790856802,250.3521844063922,251.07046849131888,48201000
2018-07-17,251.8157196044922,252.2107690961605,249.96618216611003,250.0200500604518,52315500
2018-07-18,252.34544372558594,252.45317951635874,251.4476089361546,251.89652633087027,44593500
2018-07-19,251.39373779296875,252.0581267606467,250.90889934101142,251.67206438211724,61412100
2018-07-20,251.10646057128906,251.82474493775976,250.9448568637383,251.18726242506446,82337700
2018-07-23,251.57334899902344,251.7798334894133,250.54980406497305,250.89997282654184,47047600
2018-07-24,252.83920288085938,253.69215675908566,251.9593424588355,253.00083394181848,68026900
2018-07-25,254.99398803710938,255.31719530894327,252.54288996009652,252.58777072571738,78882900
2018-07-26,254.39251708984375,255.08384004407264,254.16805838265645,254.26683446168602,57919500
2018-07-27,252.66860961914062,254.82340704642044,251.73485402074957,254.72463099864322,76768700
2018-07-30,251.3488006591797,252.9110240544243,250.81905414725918,252.74942040658593,63742500
2018-07-31,252.58779907226562,253.20730714587273,251.73487263160595,252.12093493842258,68570500
2018-08-01,252.16590881347656,253.30617672635722,251.5105068412518,252.79440423316265,53853300
2018-08-02,253.53956604003906,253.71012943332028,250.63954995838785,250.84606181303212,63426400
2018-08-03,254.62599182128906,254.67985972515015,253.48572392348476,253.66530186952016,53935400
2018-08-06,255.55970764160156,255.87392789813984,254.2668233527095,254.66187285207894,39400900
2018-08-07,256.4036865234375,256.78977636604634,256.0984259360764,256.23312309499096,43196600
2018-08-08,256.2959289550781,256.69996559802166,255.8290646963561,256.23310133929965,42114600
2018-08-09,255.94581604003906,256.75386201593426,255.81114627734792,256.3588124455414,35717000
2018-08-10,254.23085021972656,255.038895884851,253.51256609537552,254.49122992728743,77076000
2018-08-13,253.27915954589844,255.1286967278146,252.98285876836235,254.5091886290453,65732900
2018-08-14,254.89524841308594,255.1376813013355,253.62033857015518,254.01538800310973,43842000
2018-08-15,252.99185180664062,253.67421492265154,251.53736402755595,253.53055808771558,102925400
2018-08-16,255.03909301757812,255.91898147511722,254.4105973479418,254.44651843185903,69967900
2018-08-17,255.93682861328125,256.38574608820807,254.41948535604885,254.83248176105198,65618500
2018-08-20,256.48443603515625,256.75377546975,255.9367426518302,256.3946470903786,39807500
2018-08-21,257.08599853515625,257.9568993369797,256.52035825977975,257.0051966957799,67272000
2018-08-22,256.9334716796875,257.4631910781556,256.4037248814678,256.67309183984673,44993300
2018-08-23,256.5921936035156,257.6246980568097,256.26895885480906,256.7537972779983,49204900
2018-08-24,258.1364440917969,258.28010092103995,257.1218865725878,257.17575445858665,57487400
2018-08-27,260.1745300292969,260.282265805926,259.1869064106305,259.3485100755742,57072400
2018-08-28,260.3002624511719,260.74917982561186,259.8333708459194,260.6414166399629,46943500
2018-08-29,261.700927734375,261.93434617763404,260.273373524698,260.5157790849178,61485500
2018-08-30,260.64141845703125,261.59312110549945,260.0398845149436,261.21604585219666,61229500
2018-08-31,260.65045166015625,261.0993691171025,259.73466991189485,260.2284681546369,66140800
2018-09-04,260.2015075683594,260.5606360172057,259.18694983555383,260.22844151702924,57594400
2018-09-05,259.5012512207031,260.04894482335703,258.4777335596328,259.8424329076433,72452400
2018-09-06,258.7200622558594,259.9141704055091,257.678570668325,259.60890988153653,65909900
2018-09-07,258.21728515625,259.2049088825265,257.4181990596172,257.6606319831876,73524800
2018-09-10,258.6661682128906,259.5101349760914,258.4686434938492,259.2407681411772,50210900
2018-09-11,259.51910400390625,259.96802134513405,257.6606070350255,258.0107483133184,50530500
2018-09-12,259.58197021484375,260.1924912493347,258.7829115608244,259.52810232354994,59810800
2018-09-13,261.11724853515625,261.3058135462071,260.3720578049106,260.6593714791157,51034200
2018-09-14,261.1621398925781,261.5122811481808,260.3720410392595,261.32374354901015,55079900
2018-09-17,259.7795104980469,261.14420949207386,259.5011839097897,261.10831582889045,68244000
2018-09-18,261.1891784667969,261.790712562179,259.9681086407649,259.99504259429324,61930400
2018-09-19,261.4674377441406,261.88942117384585,261.11726903875575,261.2429790559941,49080600
2018-09-20,263.5863037109375,263.909538456371,261.4853737647135,262.74236428616024,100360600
2018-09-21,263.345458984375,264.4548045735522,263.18312378316006,264.3375533091956,105479700
2018-09-24,262.47064208984375,262.9035635266795,261.88441323338975,262.7592563810676,53409600
2018-09-25,262.2271728515625,263.038876566296,261.9836699942756,262.93065307416845,44370000
2018-09-26,261.4425048828125,263.57097346086664,261.01861122209493,262.3714598170946,79739700
2018-09-27,262.1731262207031,263.2734445369111,261.6410089030643,261.9205955017595,59249500
2018-09-28,262.20013427734375,262.70519562311193,261.50568180785723,261.541737958427,70091400
2018-10-01,263.1109313964844,264.1931933787305,262.4345073361685,263.4536298004147,62078900
2018-10-02,262.9576721191406,263.6791803147926,262.57888994974405,262.9576721191406,47258200
2018-10-03,263.1020202636719,264.44584118509243,262.7412661096276,264.0219474850515,64694600
2018-10-04,261.0456237792969,262.6690308144242,259.4402448138859,262.61491908150464,111545900
2018-10-05,259.5846252441406,261.79426169236467,258.1415810700031,261.2711722851762,105951700
2018-10-08,259.5846252441406,259.94537940673047,257.4922125678301,258.89014526928247,87742200
2018-10-09,259.20587158203125,260.52263694616744,258.63767057918375,259.19687130456896,74339000
2018-10-10,250.9984893798828,258.76385435107636,250.61970720008262,258.691687015265,214731000
2018-10-11,245.46981811523438,251.53957966162082,243.83735590146685,249.8981171756626,274840500
2018-10-12,248.87908935546875,249.9072401067545,245.65027488261828,249.61862576388253,183186500
2018-10-15,247.4810791015625,249.8621056634134,247.39088369717004,248.5182574426434,102263700
2018-10-16,252.89256286621094,253.2713726896419,248.98735093585412,249.46535647269386,118255800
2018-10-17,252.93759155273438,253.5689043534291,250.33109016956354,252.92856375491306,110626000
2018-10-18,249.28497314453125,252.59495584704703,247.9952636884865,251.99067117618054,134557500
2018-10-19,249.1495819091797,251.9003626637363,248.44610183768108,249.94325737933633,139901600
2018-10-22,248.03126525878906,250.150705996252,247.49012032684712,249.82603555135157,82415800
2018-10-23,246.76858520507812,247.90498681267422,242.2590899670296,244.369557959358,146352700
2018-10-24,239.29188537597656,246.9039162859335,238.73271231544518,246.51607873937178,177806700
2018-10-25,243.5848846435547,245.14517991713308,240.11259530111516,241.1497737095234,138061500
2018-10-26,239.30087280273438,244.4146527398939,236.5591193935457,239.83301748534177,201574600
2018-10-29,237.97506713867188,243.73821520734515,234.3584707096712,242.43045059172752,160749100
2018-10-30,241.50149536132812,241.81716552920605,237.30767034173383,237.80373132662038,157116000
2018-10-31,244.08094787597656,246.4258909450358,243.62097054613963,244.0989759486814,128296300
2018-11-01,246.67848205566406,246.87690099916068,243.85553289200956,244.9558511198031,99495000
2018-11-02,245.21739196777344,248.2297320576384,243.14300724893886,247.79681052377677,122634100
2018-11-05,246.5702362060547,247.1294093078525,244.7303541261236,245.71342095408744,65622500
2018-11-06,248.1304473876953,248.29278260127762,246.44390066889758,246.5070402043262,60085900
2018-11-07,253.44264221191406,253.52380981759268,249.89815828797896,250.3310797087042,102752100
2018-11-08,252.9826202392578,253.63198849376383,251.82819084499909,252.63086648634012,65584900
2018-11-09,250.51148986816406,251.84628285191715,249.08647395054544,251.65689175736907,98812600
2018-11-12,245.83070373535156,250.24097708840603,245.3075867175455,249.9974741810857,99673600
2018-11-13,245.3706817626953,248.31988208924602,244.64014564947834,246.29963679084636,98176600
2018-11-14,243.69313049316406,247.670481020292,242.11480718044612,247.2646429684291,125335900
2018-11-15,246.23646545410156,246.7054705690922,240.8160709517142,242.41242234046666,135101400
2018-11-16,246.87681579589844,247.7967428398304,244.60401276865,245.1271295863196,126668000
2018-11-19,242.70106506347656,246.56119229738732,241.77211004645858,246.2635501666643,103061700
2018-11-20,238.2095947265625,240.80706863474163,237.33475146615189,239.32794084444848,136021300
2018-11-21,239.02125549316406,240.94230470606004,239.0122552196152,239.7788473262915,75563700
2018-11-23,237.42491149902344,238.8408995332322,237.2625762849006,237.36177196338463,42807900
2018-11-26,241.25804138183594,241.48351618686567,239.30993576352526,239.70677362228002,79981400
2018-11-27,242.0697021484375,242.0697021484375,239.59850753216418,240.21179228712944,75502400
2018-11-28,247.64349365234375,247.64349365234375,242.0066231191019,243.15205282667705,127629600
2018-11-29,247.10232543945312,248.5182861090301,245.70436531954869,246.85879506712507,82346400
2018-11-30,248.60850524902344,249.17670614031175,246.62434355303023,246.94901404874992,98204200
2018-12-03,251.900390625,252.89248507281954,250.2860111620396,252.78426159192549,103176300
2018-12-04,243.7382354736328,251.49457335608747,243.4225652790874,251.0616518729586,177986000
2018-12-06,243.36842346191406,243.48567473600914,236.6943763500838,239.83299478644156,204185400
2018-12-07,237.7135772705078,244.6131006028189,236.8657898258809,243.02574921308698,161018900
2018-12-10,238.16453552246094,239.14760237721427,233.24917372491424,237.53319505393526,151445900
2018-12-11,238.2186279296875,241.59172195775344,236.7304998304689,241.40233084208725,121504400
2018-12-12,239.41812133789062,242.61085177798293,239.33695372379194,241.23094729075436,97976700
2018-12-13,239.3369598388672,241.24898152766752,238.20958596351076,240.37413829943986,96662700
2018-12-14,234.91761779785156,238.12837581954938,234.3584448593427,237.163337348886,116961100
2018-12-17,230.30892944335938,235.07996910336797,228.65845262012073,233.9525953521301,165492300
2018-12-18,230.05641174316406,232.6448713794476,228.4329906978388,231.96844709071937,134515100
2018-12-19,226.6111602783203,233.95261831653127,224.88854347637346,230.13758902119358,214992800
2018-12-20,222.9224090576172,226.93585748319487,220.6496193686821,225.34851994911492,252053400
2018-12-21,218.35479736328125,226.52836978354713,217.70163690361682,223.83408634799403,255345600
2018-12-24,212.58522033691406,218.481797761954,212.52172593184568,216.8488966296466,147311600
2018-12-26,223.3260955810547,223.3260955810547,212.0590967155239,214.0639394537633,218485400
2018-12-27,225.04067993164062,225.24024372001855,216.77639698327218,220.05126685033105,186267300
2018-12-28,224.75033569335938,228.06148545527088,223.57101733903056,226.41045083301225,153100200
2018-12-31,226.71885681152344,226.96379543362278,224.49630354901223,226.39227659614116,144299400
