Date,Close,High,Low,Open,Volume,RSI,MACD,Volatility,Return,Momentum
2023-01-03,369.257080078125,374.69672812801167,366.3578460279055,372.69927875869115,74850700,34.52288062785058,-3.000370377846025,0.18030209014494614,-0.004209869664726362,-2.3756103515625
2023-01-04,372.10784912109375,374.1634745201176,368.4620050754478,371.5454431739836,85934100,34.440548145808506,-2.772513586608113,0.18400358060977884,0.007720282688596258,3.62652587890625
2023-01-05,367.8608093261719,370.24610753892307,367.2596392522316,370.1297558589303,76970500,33.287907416701174,-2.901192909459837,0.1782447586566703,-0.011413464684911223,-1.124725341796875
2023-01-06,376.296630859375,377.4311189189253,367.88989649639944,370.99271645676004,104189600,50.21626705386523,-2.2960049870003445,0.1920262277652,0.022932101814964856,1.793792724609375
2023-01-09,376.08331298828125,381.7460179093739,375.8991092209777,378.517110812085,73978100,54.67885975932929,-1.8127064165337856,0.19197557649170335,-0.0005668875392441652,6.923248291015625
2023-01-10,378.7206726074219,378.7885542752673,374.54154098152384,375.4917955584726,65358100,60.88205055022752,-1.203008405478613,0.19155544497805238,0.007012700452420306,7.43707275390625
2023-01-11,383.5107421875,383.58832970359543,379.49646116309526,380.32065837354753,68881100,64.14806958552359,-0.32950146842938466,0.19485900319058636,0.012648027759085245,13.691253662109375
2023-01-12,384.906982421875,386.3905254134234,380.5048530375986,384.62580907978474,90157700,61.0185936323354,0.4700060532935595,0.18872671992819334,0.0036406809009077445,19.683624267578125
2023-01-13,386.4002380371094,386.9820259950069,381.39690894473443,381.6684060462913,63903900,69.87924503868692,1.2101647469892782,0.1872970036115439,0.0038795233223327674,14.60272216796875
2023-01-17,385.6924133300781,388.0777411267566,385.00397949817483,386.38087675294776,62677300,67.17521374983266,1.7198054591872847,0.18604852765821062,-0.0018318433514092902,14.874237060546875
2023-01-18,379.6031188964844,387.9710896015496,379.39950344455025,386.89480690750094,99632300,60.50383274074055,1.6137420115436498,0.17327596936327738,-0.01578795491728402,10.346038818359375
2023-01-19,376.83966064453125,379.20554721591105,375.50155712424066,377.5377707341088,86958900,62.98228728473018,1.2918068343274172,0.16987126778385714,-0.007279861819856959,4.7318115234375
2023-01-20,383.85980224609375,384.01494767738205,376.58752660363507,378.2553030012775,91806400,63.347658384342274,1.5848682695752245,0.17705415038625633,0.018628988226864207,15.998992919921875
2023-01-23,388.465576171875,390.4242317555636,383.7046561749685,384.6742929256794,84178800,68.07710631252915,2.1638257953209177,0.1803663994622149,0.01199858359440431,12.1689453125
2023-01-24,388.0487060546875,388.96984337133813,385.56643791422186,386.7687782222995,59524900,69.71126021152911,2.559511416738303,0.17493309433280965,-0.0010731198406189746,11.96539306640625
2023-01-25,388.194091796875,388.53347058894747,381.6102497581479,383.9276958720154,84800300,67.88876746916807,2.851951020738568,0.16505386064897315,0.0003746584898212113,9.473419189453125
2023-01-26,392.46051025390625,392.625361536423,387.8838231940515,390.88970331060733,72287400,77.34440565964131,3.388910575764271,0.16734407960950898,0.010990426045081714,8.94976806640625
2023-01-27,393.3622131347656,395.7669228266242,391.1902363749992,391.40355763468796,68346200,72.78624557583245,3.8429160344339266,0.16563369630061964,0.0022975633402606555,8.455230712890625
2023-01-30,388.42681884765625,392.828978394241,388.12623379402066,390.56970798224273,74202000,64.6356925749023,3.761117735167204,0.16577532900690795,-0.012546691375814767,2.026580810546875
2023-01-31,394.1379699707031,394.1864399734376,388.601322637591,388.9504072665645,86811800,67.0383306284831,4.109759410968536,0.16244717975698744,0.01470328732704429,8.445556640625
2023-02-01,398.3267822265625,401.10966467538105,390.13336909060706,392.906516111432,101459200,66.59438618558676,4.670227121411813,0.16334011287460276,0.010627781576514339,18.723663330078125
2023-02-02,404.125244140625,405.6087873337465,400.3436663533514,402.26352837329205,101654500,69.59289938471954,5.518673404830565,0.16515124580270638,0.014557047561929659,27.28558349609375
2023-02-03,399.8297119140625,404.30942887636985,398.60796016399155,399.09277852945274,94736800,62.95125602081822,5.777856117015972,0.1724984093542038,-0.010629210347146145,15.96990966796875
2023-02-06,397.38623046875,398.8019214799618,395.7087777693734,397.3474663028563,60295300,60.91210072384155,5.7201533845777135,0.16760216797742455,-0.006111305319494886,8.920654296875
2023-02-07,402.5834655761719,403.8439814552216,395.19483862486715,396.45535450391685,90990700,71.8071982114518,6.0243520114979106,0.1567835747192007,0.013078548547822866,14.534759521484375
2023-02-08,398.1813049316406,401.94350006214603,397.4831653240111,400.58601460035635,76227500,69.64128933394824,5.842861174774782,0.16395115308004454,-0.010934777557818798,9.987213134765625
2023-02-09,394.72943115234375,401.9823248815129,393.48829726408144,401.82717944660936,78694900,60.70683070885078,5.3587190362612205,0.16777195411826729,-0.008669100574396627,2.2689208984375
2023-02-10,395.6506042480469,396.0384530460212,392.71260595671595,393.5367735557989,70769700,57.63136314279694,4.991821265444685,0.1633131367164661,0.0023336823226327574,2.28839111328125
2023-02-13,400.295166015625,400.4309293776963,395.84453644449667,396.3099727832107,64913500,61.93534264306636,5.017985246800492,0.1669780372043939,0.01173904884185717,11.86834716796875
2023-02-14,400.11090087890625,402.4476992787752,396.1062965854902,398.75338583024995,88389300,61.60527157328122,4.9665998623489145,0.16699691339235082,-0.0004603231624125126,5.972930908203125
2023-02-15,401.4102478027344,401.4878057256822,397.0371764235173,397.8904615307759,61555700,59.25034554936829,4.973392835835,0.16658398937231422,0.003247466942225108,3.083465576171875
2023-02-16,395.8832702636719,400.3726929143646,395.74753651312,396.37779444924473,76431500,52.378336609628036,4.4811396314805165,0.16395287217414004,-0.013768899945420965,-8.241973876953125
2023-02-17,394.8942565917969,395.1366657696702,391.7817014424098,393.7306807016195,89257800,56.592155172038375,3.965508370694522,0.16134044966206218,-0.002498245685442324,-4.935455322265625
2023-02-21,386.9723205566406,391.88838589903276,386.7105292912516,390.82177957361756,82655900,43.01114506925039,2.884383472736374,0.16789110511974653,-0.02006090466730992,-10.413909912109375
2023-02-22,386.4390869140625,388.95044285942777,384.96521993169256,387.38931210957054,83742300,37.51535197364204,1.961940672674757,0.16260890107549805,-0.0013779632657217045,-16.144378662109375
2023-02-23,388.49468994140625,389.98793892233294,384.21858803532103,389.3673571569208,96242400,32.18390804597702,1.3808505075976996,0.16369907271756368,0.00531934552417801,-9.686614990234375
2023-02-24,384.3446044921875,385.1881836967551,381.6878093714178,383.41376153448846,108194400,32.29097447523746,0.5787832996071529,0.1678993246179689,-0.010682476637826621,-10.38482666015625
2023-02-27,385.6536560058594,389.1055606545403,384.70340128692055,387.7286633753405,80444700,36.22501298840897,0.048213006122807656,0.16342088351802364,0.003405931807996865,-9.9969482421875
2023-02-28,384.228271484375,387.156563842999,384.12159605361234,385.16882032398394,96438600,26.35533726085579,-0.4817312939748035,0.1632950574805506,-0.0036960223228448275,-16.06689453125
2023-03-01,382.7544250488281,384.6452286653994,381.4357331904151,383.4040947317888,99706800,28.50592385222174,-1.0090117998046253,0.1582531284271304,-0.0038358615045505084,-17.356475830078125
2023-03-02,385.7312316894531,386.5845168492611,380.4176111158105,380.7569899304116,85127800,37.294729122158095,-1.1731585404498333,0.15154805876460048,0.007777327826439251,-15.67901611328125
2023-03-03,391.9175109863281,392.1696260301451,386.91418141429745,387.57352735400747,90120000,45.41122858403282,-0.7949018430228421,0.15769999115010458,0.01603779727604615,-3.96575927734375
2023-03-06,392.1889953613281,395.0785236609956,391.74297072143537,392.7513716819784,72795900,38.83549500793133,-0.4678312969700755,0.14785875802106166,0.0006927079484577714,-2.70526123046875
2023-03-07,386.17718505859375,392.38288340571194,385.55663297845956,392.14047423874524,108310600,33.46376500857632,-0.6858226449022027,0.15246369534809048,-0.015328860253194021,-0.795135498046875
2023-03-08,386.80755615234375,387.57354797999176,384.5482856570595,386.2936497909606,74746600,32.39022156992779,-0.7985119311607036,0.15196264193226913,0.0016323364459098766,0.36846923828125
2023-03-09,379.6709899902344,389.2898002423228,378.67226525159236,387.60261205758303,111945300,31.17979319326099,-1.4470001321165569,0.15398512083117133,-0.01844991404278218,-8.823699951171875
2023-03-10,374.1925354003906,381.22240209446096,372.65081646253805,379.1182772501416,189253000,28.236623470621296,-2.375612620008326,0.1568234639471878,-0.014429479033899018,-10.152069091796875
2023-03-13,373.65924072265625,378.53654246473604,369.09225946405695,370.21704175618794,157790000,33.43001371200238,-3.118627533588949,0.15548342884483668,-0.0014251879107202159,-11.994415283203125
2023-03-14,379.8358154296875,381.5035918263972,375.2978929421976,378.64315157224377,149752400,42.79364491509279,-3.172503599980473,0.16822755911585544,0.016529966434352783,-4.3924560546875
2023-03-15,377.460205078125,377.6638205167476,372.0593211039184,374.1731517764956,172996900,38.041252252323766,-3.3680676846001347,0.16127208806801535,-0.0062543084539700144,-5.294219970703125
2023-03-16,384.08282470703125,384.4319093478442,374.56101366986553,375.07491999833877,143254200,49.73072441348274,-2.954604729963762,0.17574100287423966,0.017545212819283895,-1.648406982421875
2023-03-17,379.59185791015625,383.88427957586276,378.19024962323573,382.73574852805046,140553400,44.14772161453622,-2.955249570042554,0.17783226791008352,-0.011692704041896707,-12.325653076171875
2023-03-20,383.2418518066406,383.66040945643573,379.66972024400764,380.3802375233419,93055800,49.086896657707854,-2.630909124572213,0.1777589953965938,0.009615574782292358,-8.9471435546875
2023-03-21,388.2740478515625,388.7607165792042,385.0328174912838,386.6485612315224,91524200,54.79358385372688,-1.945385625254744,0.1847269923870014,0.013130601527989727,2.09686279296875
2023-03-22,381.6553039550781,391.75855066289427,381.61639184687533,388.0988223305706,111746600,46.670807800220544,-1.9141158938821263,0.18091745885288357,-0.017046578140125224,-5.152252197265625
2023-03-23,382.68707275390625,388.64389279785183,379.9422541991001,384.5558638990384,119351300,41.767424845766634,-1.785497187129522,0.18126428498964522,0.0027034048476097805,3.016082763671875
2023-03-24,385.19830322265625,385.2859000303675,379.01760435587744,381.39255015572286,107682400,44.00457290980176,-1.4640539215156423,0.18180947587115837,0.006562099029576718,11.005767822265625
2023-03-27,385.9185485839844,388.2837811167207,385.0133519019217,387.50509334943473,74010400,49.75604307919403,-1.1380710615524663,0.17798549423261031,0.0018698040861093723,12.259307861328125
2023-03-28,385.05224609375,385.91850085433646,383.19316826565193,385.2176968024037,62871700,48.351653390404636,-0.9388086655139318,0.17777896978867258,-0.0022447806497329914,5.2164306640625
2023-03-29,390.64898681640625,390.89232117598993,388.0501627863361,389.2668345842544,77497900,60.616044399298566,-0.32552908201807895,0.18410064908211585,0.01453501642811772,13.18878173828125
2023-03-30,392.93634033203125,393.5690037335665,391.0480633032695,393.31592649139174,69840000,69.31807673799062,0.3411373003947915,0.18408593544722657,0.005855265450106062,8.853515625
2023-03-31,398.4746398925781,398.7763721310508,393.76366041263276,393.87074298003716,112062600,73.18388161252301,1.3013683364553685,0.1880940025241522,0.014094648399959775,18.882781982421875
2023-04-03,399.9930419921875,400.40182709214633,397.5499554566975,397.94902738068726,67391100,70.62733439096598,2.1599817847741747,0.18098688937411067,0.0038105363493614597,16.751190185546875
2023-04-04,397.7737731933594,400.937119463949,396.38187825933784,400.64510044740217,66601500,70.85405000322694,2.6310337642083255,0.18240032994330324,-0.005548268509309451,9.499725341796875
2023-04-05,396.7322998046875,397.80297680349037,395.05815841671335,397.03403199927317,65200200,64.66674309686678,2.8870277938514732,0.17330163391479933,-0.002618255548400894,15.076995849609375
2023-04-06,398.2799072265625,398.5621833713296,394.8634836691037,395.92441780176136,63743300,73.25562848718599,3.178148177865637,0.1735357330103054,0.0039008858684732584,15.59283447265625
2023-04-10,398.6887512207031,398.7666348533464,395.14581823690406,395.7687387785369,63681000,70.90895571711832,3.4026300716786864,0.15759958501449056,0.0010265242778317862,13.490447998046875
2023-04-11,398.7958068847656,400.21687119365475,398.01714883428133,399.32141740598786,59297900,66.43339977674252,3.548269841210299,0.14552331131712348,0.0002685193994933499,12.87725830078125
2023-04-12,397.1703186035156,401.1804936873702,396.5765970407877,400.8884746417839,86420400,78.71015615646819,3.492270369362359,0.1468348541609608,-0.0040759914050944035,12.118072509765625
2023-04-13,402.4458312988281,402.8059613979246,397.1119314502093,398.2702053766501,85814800,81.60003435979982,3.82943680592399,0.14351208758927228,0.013282746590585148,11.796844482421875
2023-04-14,401.4627685546875,404.02265087888924,399.12676454421876,401.8034426133585,78161500,77.34842124924825,3.971537278843641,0.14106984491238875,-0.002442720653778263,8.52642822265625
2023-04-17,402.9032897949219,402.92274584971403,400.1292722361705,401.37514293257703,66436400,77.88412593438747,4.152523249396609,0.13098821032798877,0.003588181403272772,4.42864990234375
2023-04-18,403.16607666015625,404.6358256413118,401.77421130528586,404.49954414726284,63560000,80.33896814979289,4.267962226977886,0.12089321029382304,0.0006522331087643884,3.17303466796875
2023-04-19,403.0979919433594,404.0129018327114,401.1707730695874,401.2291709411652,55227300,75.59021430516121,4.3043368647460625,0.11878072274754146,-0.0001688751131069255,5.32421875
2023-04-20,400.8982238769531,402.6697051216665,399.3311351746603,400.24607473164843,75840400,66.4256186639905,4.108303166933808,0.1151462065759775,-0.00545715461345031,4.165924072265625
2023-04-21,401.20965576171875,401.6768386654951,399.23378218743716,401.19991288325747,73457400,57.19388598757098,3.9327408113991282,0.09304696478301765,0.0007768352819172986,2.92974853515625
2023-04-24,401.6282043457031,402.05647516546554,399.6523306697582,401.0052541700854,64332100,54.565081442327525,3.7837628892735893,0.09315207405631044,0.0010432166274505494,2.939453125
2023-04-25,395.25286865234375,400.1974396579536,395.1944707801746,399.63288728844816,97766700,44.287684134968465,3.115348702505287,0.11120339447234233,-0.01587372506307294,-3.542938232421875
2023-04-26,393.5786437988281,396.9658681880397,393.0141212525742,395.8757351994832,80447000,43.05309252638896,2.422603425953355,0.11276460131146877,-0.004235832264099848,-3.5916748046875
2023-04-27,401.4140625,401.68659577148844,395.8952266224853,396.14830384025987,92968400,55.40631027483217,2.47729390708497,0.12938747366588813,0.019908139896881227,-1.031768798828125
2023-04-28,404.8402099609375,404.8499528400004,400.4601917441596,400.518589610738,89335600,59.61063692026315,2.7652222136066484,0.12370352342473515,0.008535195402969986,3.37744140625
2023-05-01,404.4314270019531,406.4851546297592,404.1978058305228,404.3924851893981,62122300,58.722488933225264,2.926685098471239,0.12308965841802302,-0.001009739025241152,1.52813720703125
2023-05-02,399.8859558105469,403.7598495686788,396.9464873945353,403.71116487366527,103998500,53.854690813822934,2.6572331314754933,0.12158881942189284,-0.011239164139893343,-3.280120849609375
2023-05-03,397.14117431640625,402.83520489398785,396.8978399302182,400.3921181514102,91531800,41.88750607889826,2.196885253168716,0.12319127298971347,-0.006863910708184595,-5.956817626953125
2023-05-04,394.32818603515625,396.41111262734955,392.97523278984136,396.08018147546466,94901900,39.66730074993901,1.5867801835902355,0.12412902612846793,-0.007083094030962522,-6.570037841796875
2023-05-05,401.6282043457031,402.68913851614656,397.7445977387526,398.007388135648,87844000,48.42129047469349,1.6730323141511576,0.13970025080368453,0.018512545055290763,0.418548583984375
2023-05-08,401.73529052734375,402.2219592534578,400.3142261641833,401.9591688347608,50046800,48.22165781364504,1.7300853618252177,0.13918173021564528,0.00026663013324745855,0.107086181640625
2023-05-09,399.97357177734375,401.1026468419004,399.7399802825745,400.16825115892027,49220100,46.27350692404624,1.6145330018909476,0.14014358526210116,-0.004385272570123111,4.720703125
2023-05-10,401.8423767089844,403.4873193943634,397.96848292085406,402.8449131056442,96142900,51.13505120901408,1.654679745755459,0.141012631309756,0.004672321031953031,8.26373291015625
2023-05-11,401.14154052734375,401.4335298607705,399.0391282149725,400.9663469272877,70157100,49.91887211890614,1.6113698383302903,0.14031438123457696,-0.001744057427144341,-0.27252197265625
2023-05-12,400.615966796875,402.61132643811567,398.16316705924265,402.3971910059802,70439400,48.797451695401314,1.5171482760842423,0.13252490734196143,-0.001310195223805155,-4.2242431640625
2023-05-15,401.9981384277344,402.4069235517319,399.2922613117223,401.22919347024816,54289400,59.09212445608669,1.5362972303351512,0.1328470754137299,0.003450116184610774,-2.43328857421875
2023-05-16,399.31170654296875,401.8131910291643,399.3019636627888,400.8787656489812,57705500,57.52247400223439,1.3194900529113056,0.13418695405746156,-0.006682697326093612,-0.574249267578125
2023-05-17,404.1589050292969,404.77208264872,399.6912898643818,401.355688524903,87287000,53.90802669917888,1.5212610603585404,0.1409950754581686,0.012138884001905659,7.017730712890625
2023-05-18,408.05224609375,408.48051692312157,403.6138299565358,403.83767854650284,97177200,54.51316231810478,1.9725873640941813,0.14474613996476146,0.009633193815612895,13.72406005859375
2023-05-19,407.45849609375,409.50251056679645,406.222368293831,408.9671868803819,103679700,54.23127554672443,2.2563462930712603,0.14329104476931157,-0.0014550832783888357,5.830291748046875
2023-05-22,407.62396240234375,409.1813081232912,406.222354223881,407.47796773873284,60745400,62.32552622854715,2.4661507857693437,0.14329667577102803,0.00040609365169719247,5.888671875
2023-05-23,403.0492858886719,407.55584286464847,402.65021398477086,405.95955524904446,86383500,58.8923848588266,2.2374917828237813,0.14922691786577919,-0.011222786037187071,3.075714111328125
2023-05-24,400.1292724609375,401.81315687426667,398.95154251149256,401.4238278509022,89213700,58.7032604375942,1.799908965393854,0.1400931080347107,-0.0072448048662240305,-1.713104248046875
2023-05-25,403.5943298339844,405.0640787508319,401.41406365579905,403.6819266317973,90961600,53.333305739457245,1.7129764747684817,0.14158799500711639,0.00865984473401693,2.452789306640625
2023-05-26,408.8211669921875,409.55117004743295,404.1783582542306,404.25621217707396,93830000,60.23619200784368,2.042301544878626,0.13196789608281942,0.012950719997362636,8.2052001953125
2023-05-30,408.97686767578125,411.31287130121456,407.5752595597417,410.77754765718316,72216000,63.63893573584236,2.2894662378740804,0.12901861010205704,0.0003808527937516626,6.978729248046875
2023-05-31,406.70904541015625,408.0425129180875,405.1225006686962,407.1275733702995,110811800,57.28436860217922,2.2761141073462454,0.13063543618711146,-0.005545111337257436,7.3973388671875
2023-06-01,410.5732116699219,411.6438888093061,405.6773254680984,406.94265227579683,88865000,62.89599897184851,2.547966993240607,0.12721697309950525,0.009501058074252278,6.414306640625
2023-06-02,416.5105895996094,417.308703762245,412.6464385964793,413.1817623316023,91366700,68.9311798988224,3.2055574709592065,0.1313034281042815,0.014461191721540922,8.458343505859375
2023-06-05,415.71240234375,418.1652018562358,415.00185536054477,416.8609333270958,65460200,66.56471047907613,3.620560058778892,0.12781844635995881,-0.001916367256416418,8.25390625
2023-06-06,416.6175842285156,417.1529078888088,414.63196771982524,415.2938596919878,64022200,71.84270512912363,3.9766528342453853,0.11412860751177545,0.0021774233332041426,8.993621826171875
2023-06-07,415.17706298828125,418.1652159848775,414.7487921488518,417.01668496272606,85373300,65.21504601476484,4.095411544187698,0.11546114211110645,-0.0034576582812794188,12.127777099609375
2023-06-08,417.68829345703125,418.1457632344052,414.4665489603408,415.2452070178747,61952800,63.83456393305865,4.342110838154554,0.11432041153310242,0.006048577083413775,17.55902099609375
2023-06-09,418.4377746582031,420.4720464169539,417.43523824687804,418.4961725304044,85742800,65.69287984359856,4.545698690351344,0.11393030068270592,0.0017943552953536557,14.84344482421875
2023-06-12,422.2337341308594,422.3116177537034,418.70054447165705,419.4305474903507,76104300,68.9185888898988,4.956213590143648,0.1156560619885527,0.009071741851597759,13.412567138671875
2023-06-13,425.01751708984375,425.6696365204742,423.04164333535215,423.71324852468234,95899700,79.83085811658093,5.443429162604843,0.11565799294115668,0.0065929904078236845,16.0406494140625
2023-06-14,425.5236511230469,427.3535302466709,422.0293733088503,425.3582003938964,100612100,86.90245267472191,5.803492748662109,0.11576715281672911,0.0011908545244645463,18.814605712890625
2023-06-15,430.7991638183594,432.06449062916386,424.599008978394,424.6963189608391,110303100,87.55717112070563,6.440295798918044,0.11503365227488126,0.01239769559550763,20.2259521484375
2023-06-16,429.3317565917969,433.3861055747919,428.8530591628444,432.8097068830916,114121300,81.5951312477729,6.748763756983465,0.11318594823432736,-0.003406244370476985,12.8211669921875
2023-06-20,427.10430908203125,428.26688554723484,425.00386607669554,427.3681054754282,76160400,76.24866768126162,6.735843822985203,0.11373187922779493,-0.005188173191398637,11.39190673828125
2023-06-21,424.9158935546875,426.91863505911573,424.31993678671154,426.1077772764031,76982300,76.42441561754795,6.47438515658331,0.11590581679273054,-0.005123843241121251,8.298309326171875
2023-06-22,426.4497375488281,426.5571880614366,423.6068009145938,423.94874040657675,70637200,74.71402077292299,6.318114381509417,0.11588175825003064,0.0036097590544543756,11.272674560546875
2023-06-23,423.2257385253906,425.0331072723741,422.5028029522913,422.9521929181988,92074500,61.41756225534759,5.8664936027983,0.11108876442124105,-0.007560091470494523,5.537445068359375
2023-06-26,421.49658203125,424.5935061786807,421.2523437943885,422.6493793538192,72823600,59.532872355193255,5.307866621622566,0.10813626709850012,-0.004085660054998996,3.058807373046875
2023-06-27,426.1175842285156,426.74281861737984,421.9264476964196,422.3856167786235,72813700,63.948478238660506,5.178334357273911,0.11004155165021295,0.010963320686958822,3.88385009765625
2023-06-28,426.3325500488281,427.35833881179315,424.3981723027974,425.02340674295726,75636000,66.99063603041316,5.034984878196383,0.10363427471791478,0.0005044753567298166,1.315032958984375
2023-06-29,428.0128479003906,428.1789430222069,425.50210144669927,425.912404994794,67882300,66.13342413048848,4.999336141970275,0.10366681190123544,0.003941284453579774,2.48919677734375
2023-06-30,433.0636901855469,434.0601714331237,430.94368922598466,431.2661003863023,104921500,70.14657342375139,5.317349922466917,0.10472780207704252,0.011800679138332049,2.2645263671875
2023-07-03,433.56195068359375,433.84524556804314,432.42868170308367,432.71200640177057,32793400,67.16340894358038,5.54565671418203,0.10218766043450254,0.0011505478509024059,4.230194091796875
2023-07-05,432.91717529296875,433.6596690923143,431.7155124041709,431.72529147444817,58418400,62.798332423602375,5.6098961156846485,0.09358492436835202,-0.0014871586162217287,5.8128662109375
2023-07-06,429.52716064453125,429.95702235075805,426.9870768752562,429.29270146449466,80658300,55.93183859097639,5.3258671720784605,0.09871590978903881,-0.00783063098881065,4.61126708984375
2023-07-07,428.4427185058594,432.438482440406,428.1984802602594,428.5208914404252,86076100,46.0134399775312,4.956135525175853,0.09968433304194523,-0.002524734727006761,1.99298095703125
2023-07-10,429.52716064453125,429.7030050295587,427.50486077399677,428.08125946774646,62443500,50.33491821886065,4.696487761312312,0.09820159152410136,0.0025311251465627294,6.301422119140625
2023-07-11,432.26263427734375,432.7608898689312,429.31224682593734,430.29897893814285,64463800,58.68992095024225,4.657753218893561,0.09838763320732805,0.006368569635288646,10.76605224609375
2023-07-12,435.7405700683594,437.16694292685935,434.65616653988315,436.10206772542455,91924500,67.47637728159147,4.85176800552523,0.10084411002425009,0.008045885800030073,9.62298583984375
2023-07-13,439.1989440917969,440.000052626587,437.1375877800965,437.5771986973083,72425200,69.37923868370027,5.224364777484936,0.09991665341627361,0.007936773073241588,12.86639404296875
2023-07-14,438.9254150390625,440.9574640329814,438.15361386962167,440.0977704910173,69761800,76.21548957438374,5.434928423360759,0.09875810286423257,-0.0006227907794723597,10.912567138671875
2023-07-17,440.44952392578125,441.51439920748754,438.73007696084676,438.7789425034936,52680200,81.86604000123144,5.659544770228422,0.09897299218685114,0.003472364175091336,7.385833740234375
2023-07-18,443.7223205566406,444.3768624224453,439.67772050584983,440.11736131632426,80744400,81.00488878760648,6.032107795788988,0.09360691332230552,0.00743058274121533,10.160369873046875
2023-07-19,444.7090148925781,445.91064799435,443.6441098923527,444.52339143853806,65891700,81.50756608551875,6.333970594228447,0.09197220075054133,0.002223675236124434,11.791839599609375
2023-07-20,441.758544921875,444.61126044198244,441.0356093331961,443.7027014214693,70591600,72.58416307243976,6.26292565979611,0.09346905609170432,-0.006634607961378602,12.23138427734375
2023-07-21,441.758544921875,443.7027014214693,441.74879566678186,443.4975198509774,71245400,67.12845454162884,6.135891301938329,0.0904443079509718,0.0,13.315826416015625
2023-07-24,443.7320861816406,444.5527231639823,441.87585153965716,442.9211984560918,54023400,68.93414708699748,6.123871762493252,0.09070088224044744,0.004467465954992811,14.204925537109375
2023-07-25,444.9434509277344,446.21347782846067,443.4096276511776,443.4584931868903,55191200,71.92720255774796,6.141300117174865,0.08389926035892077,0.0027299462531944485,12.680816650390625
2023-07-26,445.0118713378906,446.45774269927045,442.9309566740242,443.99583186815164,71052900,82.12383239992859,6.0904265233091905,0.08100795658718742,0.00015377327166765653,9.27130126953125
2023-07-27,442.06146240234375,448.8512978158587,441.1431241785643,448.4409644292644,92194400,76.22261004459958,5.745801467464105,0.08112091932533465,-0.006629955571020418,2.862518310546875
2023-07-28,446.389404296875,447.2295696157634,442.06147959191395,445.3733647687558,80011800,78.86277303936113,5.755565788887509,0.08552756452126348,0.009790362342402492,7.4639892578125
2023-07-31,447.2393493652344,447.600817226897,445.53943076836714,446.8681024324215,62040400,77.40425261027715,5.7654272907392965,0.08529469530343718,0.0019040440032356276,6.789825439453125
2023-08-01,445.95947265625,446.7117156597197,444.9922690069472,445.75429108001924,55291500,70.33412397965938,5.605352236593205,0.07928670136912828,-0.0028617265247364854,2.237152099609375
2023-08-02,439.75579833984375,443.0676530521586,438.9937762969384,442.8038865114652,93933400,50.99892153481472,4.9211786477158626,0.09559400774006989,-0.013910847726712805,-4.953216552734375
2023-08-03,438.4955749511719,440.4006452008389,437.05945286822384,437.7140244875459,64276100,49.255287537790785,4.228532760493806,0.09610646166549576,-0.002865734558656019,-3.262969970703125
2023-08-04,436.5122985839844,442.46193783634254,435.9847356993425,440.3321877882212,100052300,43.285455698007624,3.479462993230868,0.09305312912606988,-0.004522910789711676,-5.246246337890625
2023-08-07,440.32244873046875,440.4787647776866,437.66513555624056,438.36854286160207,58357500,44.306214422464606,3.15687657195258,0.09611111732290356,0.00872862038216149,-3.409637451171875
2023-08-08,438.40765380859375,440.31272406281704,435.00784667378764,437.75308218770624,71361300,39.76523024427673,2.715414948158184,0.09794739021641788,-0.0043486198066796655,-6.535797119140625
2023-08-09,435.476806640625,438.8473064696528,434.7050054104256,438.6812113387593,78789600,39.790594093781316,2.104795782804217,0.09935359451046455,-0.006685209855502028,-9.535064697265625
2023-08-10,435.633056640625,441.2896220903451,434.4509520191639,437.86050798552606,93005500,40.094847070202626,1.6148685645605951,0.09537551122699636,0.0003588021167082456,-6.42840576171875
2023-08-11,435.3791198730469,436.404938461979,433.13213978837064,433.7378459078447,68664600,35.697519600527556,1.1923623287559053,0.0909262086458771,-0.0005829143672804182,-11.010284423828125
2023-08-14,437.7823791503906,437.7823791503906,434.1383636694306,434.4509957738728,47867400,38.219210818561365,1.0394637407339928,0.09319976740687512,0.0055199231374361,-9.45697021484375
2023-08-15,432.68267822265625,436.34625154711455,432.10624978308044,435.9847539351431,75707500,32.59782405496979,0.5010119098350287,0.10039366448385326,-0.01164894059379784,-13.27679443359375
2023-08-16,429.5075988769531,433.9429436965957,429.4001185516448,432.26258347060406,80107200,32.392382794944126,-0.17984428052460544,0.0981105128832374,-0.0073381244628176745,-10.248199462890625
2023-08-17,426.2348327636719,431.2563556808056,425.7072697956283,430.9925891039035,95711300,20.869660338276717,-0.9723044696946204,0.09928041491886248,-0.007619809572260494,-12.2607421875
2023-08-18,426.43994140625,427.4852881660303,423.0303853213582,423.38207405498343,98758400,19.36663493458967,-1.5657355014632799,0.09815317161255545,0.0004812104192617461,-10.072357177734375
2023-08-21,429.2145080566406,429.966751099539,425.2871679071468,427.4657539176368,68719000,26.378036484742353,-1.7914982522312926,0.10204608538189157,0.0065063479777272,-11.107940673828125
2023-08-22,428.05194091796875,431.01210724576634,427.4853213095629,431.01210724576634,65062900,30.751834415747368,-2.04070236429709,0.0998851873311525,-0.002708592363141804,-10.355712890625
2023-08-23,432.81951904296875,433.44478332096446,428.980100618797,429.1266376170017,68441000,41.63067571787656,-1.8323722613367295,0.10838760925125233,0.011137849567451452,-2.65728759765625
2023-08-24,426.82098388671875,434.9589887513952,426.7916466768767,434.44120488622656,88517300,37.22309976978123,-2.126784560526289,0.11668121943040205,-0.013859206649260436,-8.81207275390625
2023-08-25,429.83001708984375,431.129351475143,424.9745594365849,428.56973935869985,102325100,35.86840720768117,-2.093175769493598,0.11937992783271381,0.007049871765263616,-5.549102783203125
2023-08-28,432.5556945800781,433.18092896018993,429.82998752114145,432.0476599686097,61595400,42.28684100652347,-1.825557278500753,0.11591725219917867,0.006341291631255741,-5.2266845703125
2023-08-29,438.8081970214844,439.09152172911735,432.26260023499714,432.4482236833527,83081900,54.037406751263966,-1.0963054765165907,0.12792034099426,0.014454791648220278,6.125518798828125
2023-08-30,440.61553955078125,441.26033204626697,438.4369238378933,439.1501101921964,69053900,55.80605377817039,-0.3682853674794728,0.12885309689664257,0.00411875288922281,11.107940673828125
2023-08-31,439.97076416015625,442.39358837943115,439.7851407157134,441.2407910612769,66084600,55.302314271517226,0.1548626681832843,0.119350719831588,-0.0014633514543821446,13.735931396484375
2023-09-01,440.79144287109375,443.2142971344519,439.3162342455974,442.7258206162601,58875700,53.60661386286373,0.6284389161626223,0.11903091832317315,0.0018653028287096696,14.35150146484375
2023-09-05,438.8863525390625,440.6644141397317,438.8179884884516,440.3420327706711,55166200,58.05226473659276,0.8403397230936775,0.11893076859007999,-0.00432197666910783,9.671844482421875
2023-09-06,435.9359436035156,438.1731741919241,433.5814834321753,438.06569386474473,70758500,58.39283323664599,0.761422095795524,0.11714793325313018,-0.006722489588655622,7.884002685546875
2023-09-07,434.5975646972656,435.2814139349752,432.5459573556555,432.89764613832205,70355400,61.499196822876364,0.5841496021625971,0.11669569154503492,-0.0030701274485116503,1.778045654296875
2023-09-08,435.2520751953125,436.80542683538584,434.28490129838195,434.6463691259524,61659700,61.96922015777902,0.4908155844634621,0.1145646824399228,0.0015060151073391648,8.43109130859375
2023-09-11,438.1145324707031,438.4271347345606,436.18015502851557,437.9093508989466,60180100,62.05980528051713,0.6404414719444276,0.11681458415018198,0.006576550552013227,8.284515380859375
2023-09-12,435.7112731933594,438.1927422425825,435.1251252255622,436.64916957031585,67565400,60.04101525149646,0.5586582622688638,0.11849725675897928,-0.0054854589364813355,3.15557861328125
2023-09-13,436.21929931640625,437.3916250433044,434.82223384918217,435.93597459468725,60199300,55.01728514270376,0.5287429224837865,0.11691695461952246,0.0011659696553718568,-2.588897705078125
2023-09-14,439.98046875,440.6838759906283,437.40132874385284,438.7202210468102,83430800,70.79347046161206,0.799315725930569,0.11273054534610694,0.00862219860397695,-0.63507080078125
2023-09-15,434.6795349121094,438.70899068528865,434.23837327815903,438.3756585887244,111761400,57.14525953044499,0.5793274369937649,0.11814323635731602,-0.012048111710391995,-5.291229248046875
2023-09-18,434.93438720703125,436.24811819832,433.88535315896445,434.36573906609357,55752200,53.77997623723964,0.4207000154901266,0.11430655556680061,0.0005862992721141769,-5.8570556640625
2023-09-19,434.0324401855469,434.6010883699413,431.3167456810257,434.00302941183014,66514600,40.8558860719553,0.2196747802279333,0.1147843369343748,-0.0020737542213581373,-4.853912353515625
2023-09-20,430.042236328125,435.7285386212781,429.83633099394905,435.30697422741883,82562600,31.317068330698234,-0.2586339001875331,0.11791918331790675,-0.009193330931015375,-5.893707275390625
2023-09-21,422.934326171875,427.4245402914484,422.777458746294,427.1598433404442,103976100,25.494069411155294,-1.197442549442485,0.13125398873894525,-0.016528400133299037,-11.663238525390625
2023-09-22,421.98333740234375,425.5911984276143,421.5617431069273,423.97354611264154,100829700,23.046672731089487,-1.9951926744972752,0.12428480597682853,-0.0022485495044560766,-13.26873779296875
2023-09-25,423.75787353515625,423.797067953463,420.3166634466325,420.7578549675111,70874500,28.238405200342058,-2.455914902341533,0.11648625027670347,0.004205227968801406,-14.356658935546875
2023-09-26,417.5323791503906,421.39515405026265,416.68922035487924,420.67945192658254,96168400,25.80685538224533,-3.285512611233912,0.12342091162750583,-0.014691159205680537,-18.17889404296875
2023-09-27,417.6990051269531,419.2872767272579,414.0127250278903,418.7186285208834,104705800,27.079187101175236,-3.8847484863243267,0.12043219856361168,0.0003990731854175422,-18.520294189453125
2023-09-28,420.1206359863281,421.81673729892367,416.5421850471625,417.1402440910241,92258300,30.414929662695357,-4.1167861149342,0.10920787061550034,0.0057975499813291975,-19.859832763671875
2023-09-29,419.1009521484375,423.38529075475395,417.5617186227765,423.208826125155,115078500,24.157385861652756,-4.333009336782936,0.10686748955523702,-0.0024271215230755594,-15.578582763671875
2023-10-02,418.934326171875,420.1990493555368,416.1401828253966,418.2578484168517,83798600,25.721213084780786,-4.466328071839996,0.10704687131256349,-0.0003975795705266627,-16.00006103515625
2023-10-03,413.3264465332031,418.9931520460595,411.9440802334312,416.7284325539283,103760600,21.131684249657695,-4.9672339685241695,0.11251910141972866,-0.013386059074975698,-20.70599365234375
2023-10-04,416.33624267578125,417.0911391343346,412.31660079435824,413.7970128576621,87453000,19.608267707269306,-5.062977255481087,0.117904287432294,0.0072818861890473485,-13.70599365234375
2023-10-05,416.17938232421875,417.0323246811002,412.91466676522356,416.0421121006544,70142700,22.596455064484203,-5.092805132218871,0.11708417305020015,-0.00037676362392657925,-6.75494384765625
2023-10-06,421.12060546875,422.6794363277748,412.3558357939285,413.69897767073206,113202700,32.03267897063307,-4.663965239133802,0.12664938461334466,0.011872820601867007,-0.86273193359375
2023-10-09,423.8166809082031,424.39511271261716,418.64017552152256,419.19898019803634,80374400,37.305053404103944,-4.059757421869904,0.12920823808091297,0.006402145619191835,0.058807373046875
2023-10-10,426.0225830078125,428.6500451050346,424.05197147519465,424.453938649079,78607300,44.773050151987746,-3.3641407887528203,0.1282507551757488,0.0052048496413172884,8.490203857421875
2023-10-11,427.76776123046875,428.0226446624374,424.68929356030554,427.1010969939239,62451700,57.303798775921294,-2.6415877189619437,0.12862534633879527,0.004096445334740073,10.068756103515625
2023-10-12,425.1598205566406,428.7676815824962,422.77745824223615,428.38534154261254,81154200,54.57107749492991,-2.2534221742293425,0.12963801666380237,-0.006096627446459335,5.0391845703125
2023-10-13,423.04217529296875,427.89516238865644,421.4539336745702,426.67944726394114,95143100,48.980154498852826,-2.09255281207669,0.12514954151104257,-0.004980821708174044,3.94122314453125
2023-10-16,427.4931640625,428.5716088851418,425.07157747323214,425.3166772093143,75433200,64.94982297196407,-1.5876041756460495,0.12629098811375405,0.010521383042834564,8.558837890625
2023-10-17,427.47357177734375,429.5520428410279,423.97356999956037,424.3264992869723,75324700,64.73536943202029,-1.1754597091598953,0.1262229359601058,-4.5830639652910676e-05,14.147125244140625
2023-10-18,421.7774658203125,426.6500502828491,420.6794236742881,425.67946480009624,93559800,52.27327351218267,-1.2935491669278463,0.1335393548108438,-0.01332504822075442,5.44122314453125
2023-10-19,418.071533203125,424.33629709672346,417.38527186327997,422.50295577657073,121323000,48.68454097764827,-1.6669580486934024,0.133241653191594,-0.008786464231748004,1.89215087890625
2023-10-20,412.93426513671875,418.1794058713674,412.826405686557,417.630384814372,123845800,43.1969611409147,-2.3503287499758017,0.12772717448025386,-0.012288012118515268,-8.18634033203125
2023-10-23,412.21856689453125,416.1303793610577,409.61070188998167,411.3852217369332,92035100,48.587111945195375,-2.916041509616889,0.12768306684285421,-0.001733201389694683,-11.598114013671875
2023-10-24,415.3264465332031,416.49312377432966,412.49307897063755,414.36564471127423,78564200,48.71541233443304,-3.078110492465953,0.1299171544533407,0.007539397514491508,-10.696136474609375
2023-10-25,409.3656005859375,413.64996945398013,408.84599029988897,413.6205586800304,94223200,42.44730425652252,-3.645518511944772,0.1294600230040288,-0.014352194513548966,-18.40216064453125
2023-10-26,404.46356201171875,409.1498676471374,403.5322009904334,408.28714173082903,115156800,31.52054679501417,-4.439570396238253,0.13490206714433034,-0.01197472031651492,-20.696258544921875
2023-10-27,402.6302795410156,406.4734570280164,401.1890917233159,406.0714898223282,107367700,26.036897536298312,-5.1573421790743055,0.13256958740496236,-0.0045326270222829645,-20.411895751953125
2023-10-30,407.44403076171875,408.5126621179571,404.140090805768,405.4538219203933,86562700,30.157118029525307,-5.276922912361897,0.1410232099286323,0.01195576057069192,-20.04913330078125
2023-10-31,410.0028991699219,410.32641769542846,406.0910865723673,408.02247391880456,79665200,31.350337579589265,-5.106349392632353,0.14345105023494975,0.006280294261322927,-17.470672607421875
2023-11-01,414.3754577636719,415.19898935884856,410.4440480777059,410.9832854960481,98068100,39.08298589056974,-4.565709061802863,0.14135974165416793,0.010664701646262875,-7.402008056640625
2023-11-02,422.3166809082031,422.4735483378235,418.19899315902586,418.21859036795234,94938900,49.34304011619842,-3.4566116963550257,0.1540829434380917,0.01916431824266085,4.245147705078125
2023-11-03,426.1696472167969,427.738291613609,424.52258406387557,424.6500407220308,100110800,48.788387923717806,-2.2409100469982945,0.15672743025055108,0.009123405450875977,13.235382080078125
2023-11-06,427.1500549316406,427.6010301071179,425.17944331101864,426.93436594868996,67831700,49.70895675230767,-1.184690645925059,0.15195752851722377,0.0023005104217217465,14.931488037109375
2023-11-07,428.3657531738281,429.01282014234994,425.9932042086531,427.15006791628076,64256100,56.44666455246767,-0.2466887978905561,0.15077325486749865,0.00284606832693024,13.039306640625
2023-11-08,428.6794738769531,429.50300546800065,426.3461194092833,428.97358161682587,61746000,61.11798786748267,0.5160503562078702,0.1498164058838335,0.0007323664433969146,19.313873291015625
2023-11-09,425.3363342285156,429.8755867661766,424.90495623879804,429.83636242545526,83174400,63.5063249154008,0.8410678940881553,0.15169186621259845,-0.007798693084607788,20.872772216796875
2023-11-10,431.9736022949219,432.28733716521367,425.3264980675604,427.4343799178175,89462200,69.05618830899301,1.6155951225784975,0.15946174011593037,0.015604752127384325,29.34332275390625
2023-11-13,431.56182861328125,432.6794678903552,429.8265331928285,430.6206539716291,52236100,66.52034389577545,2.1711590663351785,0.1582355573981479,-0.0009532380669861062,24.1177978515625
2023-11-14,439.9344787597656,441.238396338492,437.346210893024,437.57171344667955,97176900,79.65011197813836,3.2495911243673845,0.16749655971777241,0.019400812563492575,29.93157958984375
2023-11-15,440.8658447265625,442.532535106178,440.0030887615571,441.2874091441976,77327600,88.25483080167639,4.131781148674236,0.16743429327477624,0.002117056088494218,26.490386962890625
2023-11-16,441.405029296875,441.7285477853014,439.3363719577196,440.41481678481,66665800,91.88733349025783,4.8188817186413075,0.15847807761823302,0.0012230127980246142,19.088348388671875
2023-11-17,441.9541015625,442.57175775870127,440.48350296941317,441.4148641267252,83133200,91.06396360541154,5.3460929816153,0.15343738827639508,0.0012439193692459494,15.784454345703125
2023-11-20,445.3560485839844,446.2089909063294,441.6893360671345,441.69914963110705,69936200,91.23972790975512,5.969606491566708,0.14415793818977674,0.007697512048099542,18.20599365234375
2023-11-21,444.38543701171875,445.2285956966268,443.1011167353494,444.2972046934265,49244600,88.02483104019228,6.3126568199055555,0.14437452991084077,-0.0021794058379844827,16.019683837890625
2023-11-22,446.10113525390625,447.4344934312076,444.9933095334768,446.0619408364875,59394900,85.78169634207818,6.6463541526543395,0.14367331357585902,0.003860833635154215,17.421661376953125
2023-11-24,446.37567138671875,446.57176316267487,445.8168666721121,446.15019875571403,29737400,84.06611216470827,6.853956322494923,0.12878104541144822,0.0006154123159902714,21.039337158203125
2023-11-27,445.5717468261719,446.56192946772256,445.17956329193873,445.7383979007583,50506000,81.24376306908759,6.87436909662847,0.1169182873127216,-0.0018010044276145498,13.59814453125
2023-11-28,446.012939453125,447.3266706098767,444.61097597085313,445.1795942640064,62115000,80.73770971071855,6.847216475702169,0.11296536596537791,0.0009901719085552152,14.45111083984375
2023-11-29,445.6991882324219,449.33649017214634,445.2972509595893,448.189410143627,63146000,79.64475326425995,6.722883510353995,0.11152755948026384,-0.0007034576644521229,5.76470947265625
2023-11-30,447.4541320800781,447.8070913053535,444.45411330256195,446.5521816854735,79752700,90.78077875309475,6.68885310642861,0.1112962837592383,0.003937507390614936,6.588287353515625
2023-12-01,450.1011962890625,450.64040378256834,446.23842175479484,446.8364507959776,89097900,89.19019488051049,6.797126680064991,0.10903214171476572,0.005915833644621893,8.6961669921875
2023-12-04,447.7384338378906,450.12079629179925,445.43449014156994,446.6698024892576,72430900,82.25167593720452,6.616013795155993,0.09874235569674347,-0.005249402735767128,5.784332275390625
2023-12-05,447.6502380371094,448.62082357838926,445.9541368117821,446.33650682465384,69793500,72.97143085583866,6.39168450469316,0.09649074468082604,-0.00019698063448625458,2.294189453125
2023-12-06,445.8462829589844,449.84629793106757,445.4050914173305,449.81688715625097,69124700,64.09544192763259,5.999182980238572,0.09899075331989171,-0.0040298316070044304,1.460845947265625
2023-12-07,449.2482604980469,449.90511109651214,447.34628397693746,447.9541265914232,66995400,69.10222010806955,5.894683606870444,0.10083248386919338,0.0076303821946979156,3.147125244140625
2023-12-08,451.1796569824219,451.71886449479484,448.24824346340256,448.49334322710024,83080900,71.05141843230814,5.899706511311365,0.10090347489288977,0.004299174096375591,4.803985595703125
2023-12-11,452.9345397949219,453.1110343596532,450.46394500212847,450.6796339862187,65002200,68.69857237515812,5.976399364376903,0.09379674985142043,0.003889543301302645,7.36279296875
2023-12-12,455.0032043457031,455.1012502344239,451.5718076763078,452.5816174993822,68327600,74.85089733022295,6.133400915822506,0.08240870229521642,0.004567248396905033,8.990264892578125
2023-12-13,461.2777404785156,461.5326537987916,455.02278992254185,455.3855327740707,93278000,79.27384463241917,6.6870443195347775,0.09000755618870612,0.013790092185911762,15.57855224609375
2023-12-14,462.7581787109375,464.444466323076,460.0522676795184,463.23856468529027,119026000,80.1951806686766,7.162702522527809,0.06858694152916721,0.0032094291627557947,15.304046630859375
2023-12-15,461.9962158203125,463.3448333750126,460.12591131096633,462.15371925824917,141319300,80.31942042375316,7.392959601717109,0.07001368510642028,-0.001646568176812191,11.89501953125
2023-12-18,464.594970703125,465.5891979977767,462.54748612125485,463.62045011337096,70375300,81.77144860807894,7.69641827718425,0.07086277950458424,0.005625056642938553,16.856536865234375
2023-12-19,467.4201354980469,467.49890223898143,465.0674973148692,465.146234015094,55761800,84.2011536339855,8.071831601692907,0.07179906866982354,0.0060809198830675815,19.7698974609375
2023-12-20,460.94293212890625,468.46353310540064,460.5098052095539,466.553845335722,102921000,68.489479844421,7.7572721814568695,0.0896706008541792,-0.013857347763247319,15.096649169921875
2023-12-21,465.3135681152344,465.5891916136435,461.5138691292639,463.96495059871324,86667500,69.91120466864523,7.771075253612025,0.09242501170129093,0.00948194598871921,16.0653076171875
2023-12-22,466.2486877441406,467.9516653912484,464.3291766799616,466.45539784997686,67126600,75.16834388127877,7.767926801867304,0.0922277590038475,0.0020096547639776308,15.06903076171875
2023-12-26,468.21746826171875,469.13292883513145,466.5834038825501,466.6621706221802,55387000,76.6046343075185,7.833990400314349,0.09233844860620602,0.004222597444946574,15.282928466796875
2023-12-27,469.0640563964844,469.21170648583774,467.469375350048,468.0107690245804,68000300,80.79598389282609,7.864007482209274,0.09116935854156093,0.0018081088215453622,14.06085205078125
2023-12-28,469.2411804199219,470.08772752484174,468.8179068674619,469.4282138576518,77158100,78.99941038675442,7.812036371806187,0.09131716556318643,0.0003776115884859266,7.96343994140625
2023-12-29,467.88275146484375,469.57587575803996,465.90415033202015,469.0443054458009,122234100,74.63707902291995,7.573927506876657,0.09257077884858331,-0.0028949482947393523,5.12457275390625
2024-01-02,465.26434326171875,466.26842392066214,463.1380919165969,464.78200963737714,123623700,67.73469701292716,7.092186545136997,0.09629716466610895,-0.005596291367714001,3.26812744140625
2024-01-03,461.46466064453125,463.8271520560434,460.85435361763393,463.0790182601264,103585900,58.85304947244391,6.330822944167721,0.10110954631804074,-0.008166717850222494,-3.13031005859375
2024-01-04,459.9782409667969,463.6007297576686,459.75182415210196,460.9822915436243,84232200,47.95062084897488,5.5435920808635615,0.09970867149301348,-0.003221091027118428,-7.44189453125
2024-01-05,460.6082763671875,463.0888879305801,459.1415387397865,460.1849727336451,86060800,46.516041992653065,4.913900159150842,0.0995630009167757,0.001369706964978068,-0.33465576171875
2024-01-08,467.18389892578125,467.3315490152744,460.9823248006786,461.1102982251427,74879100,57.073862123149034,4.889104012521216,0.10684747262440972,0.014275953985142475,1.870330810546875
2024-01-09,466.4751281738281,467.5087087960516,463.9846633036254,464.4965269385166,65931400,52.703085718297125,4.757420430105526,0.10573116184385395,-0.0015171129689675045,0.2264404296875
2024-01-10,469.1132507324219,469.98935797404295,466.46528238377533,466.75075924281816,67310600,52.44733898203402,4.810482437957091,0.10623507435287118,0.005655440985506743,0.895782470703125
2024-01-11,468.90655517578125,470.6488863198256,464.8804691698852,470.127169307832,77940700,64.05985319028797,4.780746389015178,0.10625176432286793,-0.00044060907748377787,-0.157501220703125
2024-01-12,469.2313232421875,471.1213342667353,467.80399917305715,470.37320052191546,57944000,58.06967058027807,4.728874898543097,0.10576195902385022,0.0006926072216766332,-0.009857177734375
2024-01-16,467.5086975097656,469.1624384816832,465.66792309023396,467.8335577253936,85014900,52.513778046208515,4.4969270923270415,0.09722865220546797,-0.003671165259214293,-0.374053955078125
2024-01-17,464.90997314453125,465.40216011094293,462.5277750091871,464.44731619447595,68843900,43.563185077137256,4.056648923366197,0.09904870838526368,-0.005558665280617769,-0.3543701171875
2024-01-18,469.0443420410156,469.6054424121173,465.0379628252551,466.60311382829445,91856200,49.965986036372826,3.995279228049583,0.10314771110181624,0.008892837614389304,7.579681396484375
2024-01-19,474.89154052734375,475.1770173980917,469.09359330173413,470.18623401970154,110733300,58.1535079491319,4.368110494411212,0.10966413402342619,0.012466195543228142,14.913299560546875
2024-01-22,475.8956298828125,477.63796107585904,475.23608607441344,476.44687692832025,75844900,61.6821024456396,4.690534022117504,0.10823068545316591,0.0021143551101241442,15.287353515625
2024-01-23,477.2835693359375,477.52966283909075,475.3443813701725,476.4468754577852,49945300,68.17511416958013,5.000410485702332,0.09398328316912893,0.0029164786687929656,10.09967041015625
2024-01-24,477.8052673339844,481.1324259207397,477.3032270260809,480.1874353770752,81765000,77.42901841377042,5.2278233902274565,0.08962575571692556,0.0010930566890721138,11.33013916015625
2024-01-25,480.4040222167969,480.67964572380765,477.80529058508233,479.96104191877174,72525000,83.05205271641225,5.553727640661236,0.09075841972789929,0.005438941469424918,11.290771484375
2024-01-26,479.7937316894531,481.4770028066331,478.93733112177756,479.9709117984805,76641600,81.06486537235699,5.697091240493137,0.09062304216388391,-0.001270369312329267,10.887176513671875
2024-01-29,483.5933837890625,483.74106391540835,479.5574745916845,480.1087216052008,61322800,79.1945288423741,6.047595182888813,0.09356811429967024,0.007919345019848478,14.362060546875
2024-01-30,483.2193298339844,483.9379035722461,482.45148933440373,482.89446961636054,58618400,80.1491097156497,6.223449008202408,0.09381945742774522,-0.0007734885703921668,15.71063232421875
2024-01-31,475.33447265625,481.4375727992137,475.31476595223796,480.98476921754747,126011100,59.421606697360744,5.661312270173539,0.11168601807096748,-0.016317346370318675,10.42449951171875
2024-02-01,481.5557861328125,481.58531615200064,476.2401423532499,477.05718961864164,91891600,66.2043589017832,5.652662484718007,0.11681845180389051,0.013088285900655805,12.511444091796875
2024-02-02,486.62530517578125,488.2987229935412,481.65419832603527,481.998735242863,99147700,69.86744486629458,5.985873858689445,0.11489450711655921,0.010527376451397341,11.7337646484375
2024-02-05,484.8534240722656,486.65484539824575,482.56969911775246,485.9854782571076,75757100,69.78891894075079,6.037375173529767,0.11516945619943396,-0.0036411610425306495,8.957794189453125
2024-02-06,486.2610778808594,486.5957614349735,484.36121323559956,485.80824421290174,55918600,75.0404257101074,6.121214682155426,0.11510071048575495,0.002903256404318988,8.977508544921875
2024-02-07,490.3166809082031,490.7399545059153,487.6194758002834,488.5349664241499,70556500,74.99422701527367,6.440667362807972,0.10930104644987693,0.00834038176573415,12.51141357421875
2024-02-08,490.53326416015625,490.9171544031114,489.4898301122022,490.31670067620104,52343600,71.18103481050845,6.634830179853395,0.10864697262167351,0.00044172115774632204,10.129241943359375
2024-02-09,493.36822509765625,493.8111753411615,490.70055012147776,491.04508700467625,63979400,72.54251462301444,6.937492174776537,0.10869416162879919,0.005779344938724451,13.574493408203125
2024-02-12,493.15167236328125,495.63228390301646,492.4232152124845,493.33870581706736,56502300,71.11053549562658,7.078285916492405,0.10869360759199373,-0.00043892720154836695,9.55828857421875
2024-02-13,486.3594665527344,489.3224417464559,483.05198451010375,486.8024468452015,113099200,59.753069580878,6.566101792875884,0.12241510786302867,-0.013773056427036523,3.14013671875
2024-02-14,490.7793273925781,491.2715143675092,486.67447480374074,489.02714296345175,68387800,61.35775363839116,6.442572055980122,0.12329486526489389,0.009087642255986683,15.444854736328125
2024-02-15,494.1656188964844,494.3526523663811,491.005756614994,491.4881203198016,61683000,64.83136626519077,6.5425013899946975,0.1207771016925233,0.006899825063734877,12.609832763671875
2024-02-16,491.70465087890625,495.01213299527757,490.9565170494229,493.86043227431986,75461200,58.608438011732275,6.349918645840432,0.12170645287890569,-0.004980047019607858,5.079345703125
2024-02-20,488.99761962890625,490.62183066023255,486.7237181769076,489.94261022228915,71736700,55.84311542300041,5.910725471407943,0.11867617187025402,-0.005505400945793881,4.144195556640625
2024-02-21,489.4405212402344,489.59802466359474,485.8475626394006,487.678513650347,59603800,66.79158508099232,5.534600742811392,0.1186577724999621,0.0009057336754814127,3.179443359375
2024-02-22,499.56976318359375,500.5442837489943,495.15975721807683,496.1343078241853,76402500,69.6182581991731,5.984874449588517,0.13595148470806503,0.020695552378237947,9.253082275390625
2024-02-23,499.914306640625,502.15867800066263,499.17602619270855,501.3121007992168,61321800,66.13280161708131,6.296934245492366,0.13599901080050222,0.0006896803658322792,9.38104248046875
2024-02-26,498.0833435058594,500.80022510174734,497.9553700914577,500.3572448273891,50386700,66.0380695035545,6.323605866911635,0.13688913653429302,-0.003662553982640593,4.715118408203125
2024-02-27,499.0086669921875,499.23508380977466,496.86273904372996,498.78228021530845,48854500,65.63621349636114,6.346253530842773,0.1364558256306342,0.0018577683803178147,5.85699462890625
2024-02-28,498.34918212890625,498.9397824859988,497.06947792688254,497.43369149399297,56506600,60.7481467022857,6.239066970403485,0.13506046144104727,-0.0013215899981383616,11.989715576171875
2024-02-29,500.1407165527344,501.77478095792515,497.4533948240691,500.1308932406561,83924800,62.335634972693015,6.226902844662106,0.1350084508965116,0.003594938023525618,9.36138916015625
2024-03-01,504.8361511230469,505.26927805992636,500.6132085495344,501.026658822268,76805900,64.05302574174783,6.5209752720444385,0.12021800418125059,0.009388226982750325,10.6705322265625
2024-03-04,504.2947692871094,506.1651038495938,503.99946911445886,504.02902917243324,49799300,63.54712444950673,6.6338736339696425,0.11504179510385741,-0.0010723911802535957,12.590118408203125
2024-03-05,499.2547912597656,502.7198069182755,497.02027312508204,502.2669732551775,72855600,66.37504088392994,6.244677537752864,0.11835270543485824,-0.00999411125058558,10.257171630859375
2024-03-06,501.7846374511719,504.0683922997588,500.47543327269375,502.57212462068674,68382400,64.67964823097827,6.070398497151018,0.11768006239420911,0.005067244692880557,12.3441162109375
2024-03-07,506.76556396484375,507.8287046812671,501.8436940869461,505.12167624842334,58652100,66.12088939283547,6.262015626007724,0.12105932010945396,0.009926422895233822,7.19580078125
2024-03-08,503.72381591796875,510.12221626039303,503.1430389188463,507.4053947507134,86425500,65.15262505867236,6.098134436888245,0.12177736591333668,-0.006002278495557012,3.80950927734375
2024-03-11,503.29071044921875,503.8813408255942,500.5541520780311,502.50322330785735,62557200,69.11535428764536,5.865693360305897,0.1219742486626283,-0.0008598074084719132,5.207366943359375
2024-03-12,508.704833984375,509.2954343627493,502.8772965377792,505.4268516808426,73114400,72.74007096669608,6.048631791881405,0.12543969322366638,0.010757447778688034,9.6961669921875
2024-03-13,507.9073791503906,509.2067599255734,506.45052498492004,509.02957983096877,55104100,62.622864170927315,6.059414715426101,0.12571570305317256,-0.0015676179597869933,9.558197021484375
2024-03-14,506.9034118652344,509.04934001165503,503.8223163867579,508.8918065234025,110171800,60.374126086361734,5.918721157388177,0.11368710406852026,-0.001976673949560692,6.7626953125
2024-03-15,503.4226989746094,505.2692230649925,501.7341978345986,503.79792814662255,107585800,57.55533061912601,5.46337764164042,0.11458879115285903,-0.006866619575151667,-1.4134521484375
2024-03-18,506.4145812988281,509.00164944251645,505.9998765535288,507.54026873273324,88893300,59.90053648287538,5.283034985460745,0.11404265186680178,0.005943081887870294,2.11981201171875
2024-03-19,509.22882080078125,509.5151545205673,504.69647924551435,505.7135636183011,60755300,63.75208111206606,5.306033092763926,0.11270553327134683,0.0055571849742859225,9.974029541015625
2024-03-20,513.9388427734375,514.0770977862902,508.606743491781,509.28807432015947,69594600,66.24271185466459,5.639312187840005,0.11241680841054522,0.009249323251676156,12.154205322265625
2024-03-21,515.63720703125,517.5231763815539,515.3508130660615,516.8122539881692,60256100,63.67992752049115,5.971644671068816,0.11232993854865715,0.0033046038097594987,8.87164306640625
2024-03-22,514.6596069335938,516.0419759824129,514.4225725581739,515.5482598361023,79023000,62.98397202846393,6.085981000041045,0.09206618501858771,-0.0018959068203877605,10.935791015625
2024-03-25,513.2377319335938,514.4028948746237,513.0797090074374,513.2673235646932,48512100,69.26244153284628,5.992778910203981,0.09318197820448654,-0.0027627483891181637,9.947021484375
2024-03-26,512.2898559570312,515.0250632840681,511.88503514758946,514.679425746157,65463700,65.13114228069327,5.775849515076516,0.09217830631978784,-0.0018468555945632126,3.58502197265625
2024-03-27,516.5950317382812,516.6345676089135,512.9612874577568,515.1534188944993,82999800,64.4388996576896,5.883501766229358,0.0953448271229122,0.008403788853494465,8.687652587890625
2024-03-28,516.496337890625,518.0169622820405,516.2100041549976,516.6345929084168,96294900,70.53784188025799,5.892923231379541,0.09498035283356933,-0.00019104683861193017,9.592926025390625
2024-04-01,515.59765625,517.7897874357077,514.4226093270697,517.246711689566,62477500,69.4972828714537,5.761459197343356,0.09544080116819145,-0.0017399574298924136,12.174957275390625
2024-04-02,512.3194580078125,512.4576527414321,509.9890717169841,511.72696240109013,74230300,56.1421504060403,5.331293963922917,0.09459012400393907,-0.006358054972612215,5.904876708984375
2024-04-03,512.8822631835938,514.4029477306854,511.1641403606512,511.21349992961393,59155800,58.5215279440377,4.978410573255019,0.09437592138441069,0.0010985434321970633,3.6534423828125
2024-04-04,506.6219787597656,517.286237258894,506.31587710832724,516.940660005626,96858100,49.59149139748747,4.14580505019552,0.09786906305999217,-0.012206084852630528,-7.316864013671875
2024-04-05,511.9146423339844,513.8993913739598,507.55020740054874,507.9945640953058,74482100,61.710324093479244,3.8684399249418675,0.10250093485021926,0.01044696794871669,-3.722564697265625
2024-04-08,512.2008666992188,513.6425395902407,511.38134126248457,512.6255156348878,48401800,58.62268123752223,3.6298789935516993,0.09722376877190386,0.0005591251774501593,-2.458740234375
2024-04-09,512.7933959960938,514.2054170815929,507.8858256784909,513.9585589840982,68124400,55.68857667724472,3.448873432884966,0.09428596768946232,0.001156829938015136,-0.4443359375
2024-04-10,507.6587829589844,509.673123526284,505.6543263594028,507.02681170599385,82652800,40.11188131086225,2.858157797688534,0.1015028560605533,-0.010013024889167,-4.631072998046875
2024-04-11,511.4899597167969,512.9513403159139,505.644377052241,509.19910942180206,70099000,43.88102174333944,2.668395741702682,0.0979765857904677,0.007546755589417309,-5.105072021484375
2024-04-12,504.42987060546875,509.33741106297106,502.68209589185415,507.9056219639592,92469100,37.203515742506674,1.9261147061468478,0.10950848475685909,-0.013802986700339526,-12.06646728515625
2024-04-15,498.1103210449219,508.82393922642535,497.25122948428464,508.6560925817605,92101400,33.14252717049378,0.8184818534467695,0.11743104037904988,-0.012528103367394738,-17.487335205078125
2024-04-16,497.2018737792969,500.13454944041007,495.89845567790263,498.594157187507,73484000,33.17167712417144,-0.1311178198974403,0.11543309029578308,-0.001823787276118427,-15.117584228515625
2024-04-17,494.25927734375,499.85803232859774,492.8472562394146,499.690155561082,75910300,24.30696364279737,-1.1083489853828041,0.11430203753368393,-0.00591831324604597,-18.62298583984375
2024-04-18,493.24224853515625,497.79432781744384,492.29432181692374,495.6713540683197,74548100,23.804046193492326,-1.9424856839799531,0.11169224495403614,-0.0020576827896068295,-13.379730224609375
2024-04-19,488.9370422363281,494.17042202511874,487.6533620058756,493.16325180181735,102129100,22.10731729744468,-2.917310258753389,0.10720865937781303,-0.00872838105740914,-22.97760009765625
2024-04-22,493.4397277832031,496.0663016240086,489.20363428399787,491.5734660539285,67961000,30.741218302365965,-3.2886274146371193,0.11289763523144225,0.009209131560743211,-18.761138916015625
2024-04-23,499.29522705078125,499.72969975232706,493.25214509988666,495.47386817795365,64633600,37.49089674890311,-3.074962824088061,0.12273783505054166,0.011866696047933,-13.4981689453125
2024-04-24,499.0582275390625,500.99358666230006,496.80688280638515,500.1937688055625,55928100,42.167647465922734,-2.891425424175793,0.12268324096906236,-0.0004746680898967126,-8.600555419921875
2024-04-25,497.162353515625,497.93254961957143,491.23775882863794,492.9065220761964,69122400,33.5678598307031,-2.865915412733216,0.12297374133970769,-0.003798903452181035,-14.327606201171875
2024-04-26,501.8724365234375,503.47207230236467,499.34461181258143,499.98643689086055,64306100,39.52754804229058,-2.4375358143959147,0.12408817754022282,0.009473933363026488,-2.55743408203125
2024-04-29,503.6498107910156,504.33114161625775,500.87512791942584,503.679432560198,46415400,40.946447467898885,-1.932347745186462,0.12520321439479212,0.003541486119242432,5.53948974609375
2024-04-30,495.6713562011719,503.15608097513086,495.6713562011719,502.16864851695937,77483600,38.763416252832,-2.1509819859336403,0.13527361048521158,-0.015841273875022543,-1.530517578125
2024-05-01,494.06182861328125,501.8032953461073,493.5878501926421,495.0788828236565,80242800,32.953510904845785,-2.4261593669099284,0.13439348263458697,-0.0032471668329314696,-0.19744873046875
2024-05-02,498.6829833984375,499.5321909315141,493.27184300217647,497.81403806563185,62550200,44.09733932979847,-2.245466513110671,0.139483513034239,0.009353393679748079,5.44073486328125
2024-05-03,504.8643493652344,506.1084937698732,502.1686479094306,504.73597832437986,72756700,56.95684865280134,-1.5852082569353456,0.1411847338829074,0.012395381780769599,15.92730712890625
2024-05-06,510.0780334472656,510.11750905227456,506.8491097618313,507.2934664576038,47264700,62.18236561822201,-0.633940428522692,0.1410733174386873,0.010326900856807208,16.6383056640625
2024-05-07,510.6408386230469,512.0528598136372,509.959507812529,511.0555433826376,52561300,66.22973441202811,0.16347541036458324,0.14112134743920626,0.0011033707371745916,11.345611572265625
2024-05-08,510.690185546875,511.23326133471676,508.66596110050506,508.7844481717399,42047200,67.62415706854054,0.790304948597452,0.14104594252960773,9.663724499819892e-05,11.6319580078125
2024-05-09,513.6326904296875,513.6722262969421,510.2162129252239,510.87777575274464,43643700,75.65122847280117,1.5071341222111414,0.1377019543492407,0.005761819917611044,16.4703369140625
2024-05-10,514.2943725585938,516.0717390144458,513.0600819270163,515.2521531600112,52233200,73.53991001052013,2.1043608625652155,0.135405522463069,0.0012882399061335814,12.42193603515625
2024-05-13,514.3634033203125,516.101294049221,513.2081242461536,515.9926909456875,36716400,69.56403559100144,2.5537989579362375,0.12526172689271672,0.00013422422138376078,10.713592529296875
2024-05-14,516.723388671875,517.246756798696,514.0178334036524,514.5609091971558,57535900,71.73752382726305,3.065080639528901,0.1156395856148667,0.004588167308032354,21.052032470703125
2024-05-15,523.1220092773438,523.4182269683442,518.579783698985,519.2216389195659,59504900,78.75739348913189,3.9411590350645724,0.12040333875221554,0.01238306750912721,29.0601806640625
2024-05-16,522.045654296875,524.8401049513539,521.8975153250047,523.2207013003554,50244800,74.30397357518821,4.496768673750921,0.11773301078338942,-0.0020575601128992593,23.3626708984375
2024-05-17,522.7960815429688,522.8652090411972,520.6928457686228,522.1641103603855,59187600,73.65200338087723,4.940693285814746,0.11660529634195686,0.0014374743663070344,17.931732177734375
2024-05-20,523.3984985351562,524.8796473700406,522.5196690954474,522.9146662253235,37764200,91.88528331112822,5.280249328422997,0.1090574145136316,0.0011522982161793482,13.320465087890625
2024-05-21,524.6820068359375,524.84002975237,522.4208085897016,522.6281910669876,33437000,96.71571521423742,5.588497609977026,0.10692171570860026,0.002452258278106356,14.041168212890625
2024-05-22,523.1713256835938,524.7018338509016,520.9693104479597,523.9810274842546,48390000,91.27840342065355,5.6458059140278465,0.10361327590659028,-0.002879231863607834,12.48114013671875
2024-05-23,519.3499755859375,526.370605604358,518.1255087640279,526.2620025028626,57211200,76.52812009232713,5.321528869080566,0.1084719038363897,-0.007304204015124771,5.71728515625
2024-05-24,522.7863159179688,523.605901847531,520.2584908835082,521.2162715727209,41258400,74.89374166821098,5.2809454686816935,0.10756054218901154,0.006616617875363051,8.491943359375
2024-05-28,523.1515502929688,523.8427650171528,520.4854707957389,523.6057908872817,36269600,74.69789657212468,5.2181031482134586,0.10457496271857039,0.0006986303273044392,8.78814697265625
2024-05-29,519.4882202148438,520.6830352503243,518.7674137672095,519.0735154350635,45190300,65.19970390803434,4.81717068978287,0.10890370332660973,-0.00700242611547941,2.76483154296875
2024-05-30,516.0420532226562,518.5995297613006,514.7781710383293,517.9280829339874,46468500,54.09127560739508,4.173245377507101,0.09384790151475124,-0.006633773121481501,-7.0799560546875
2024-05-31,520.7422485351562,520.8706195756462,511.84547248017293,517.0097851977956,90785800,59.62839685305762,3.9961314925046736,0.09499220596502907,0.009108163342788744,-1.30340576171875
2024-06-03,521.1668090820312,522.657841650115,516.032148544318,522.3715079503993,46835700,60.05255933667737,3.845695170472709,0.09182937704100673,0.0008152988317526866,-1.6292724609375
2024-06-04,521.7494506835938,522.49990899419,518.3625645865347,519.8437132727871,34632700,57.83807759741558,3.7304849015356467,0.08398610643474205,0.0011179560774192687,-1.6490478515625
2024-06-05,527.950439453125,527.9702073859787,522.0850888639186,524.099489436186,47610400,57.576576007110255,4.092373568153903,0.08614111926846352,0.011884993384097875,3.2684326171875
2024-06-06,527.940673828125,528.691132227732,525.9855766161708,528.2566594841754,30808500,59.57058035466559,4.328488814727734,0.08631661140696772,-1.849723813107662e-05,4.76934814453125
2024-06-07,527.2987670898438,530.1425771236412,525.8472101733005,526.9531296011007,43224500,57.335971838268925,4.4129456491351675,0.0867211584001387,-0.0012158690741267408,7.94879150390625
2024-06-10,528.9280395507812,529.253909134287,525.8769070309806,526.4792263610262,35729300,58.71728947682407,4.55879600745925,0.08557159261712481,0.0030898469001348072,6.1417236328125
2024-06-11,530.2018432617188,530.2610867954452,525.3634003577233,527.3580331066662,36383400,58.70465373694596,4.722728111207289,0.08564110508942832,0.0024082741236772787,7.05029296875
2024-06-12,534.5564575195312,537.2817809327009,533.5097814532659,534.8230835871974,63251300,66.47623085484128,5.144721317203334,0.0885677816692214,0.008213125459963777,15.0682373046875
2024-06-13,535.6327514648438,536.5016968534992,532.808709085761,536.323966242378,44760900,75.59773169959412,5.502571678596155,0.08801037976611331,0.0020134336236563577,19.5906982421875
2024-06-14,535.9586181640625,535.9882097983759,533.0653880279153,534.0824723877374,40089900,72.95254747060939,5.746226465623863,0.0791485961369479,0.0006083770985392256,15.21636962890625
2024-06-17,540.2242431640625,541.6363245352009,534.8032489186013,535.2673734870664,55839500,76.18910300222643,6.21191780627953,0.08156283669170815,0.007958870060923662,19.05743408203125
2024-06-18,541.5968627929688,541.725233844278,539.8589718842574,540.2835606431654,41376400,86.47770621100248,6.615481330680041,0.08161909721220174,0.0025408330823268876,19.847412109375
2024-06-20,540.1255493164062,543.206333734204,538.3284150280085,542.5348869014116,70328200,92.50608639448454,6.738903742485377,0.08302632050263264,-0.0027166211210586377,12.17510986328125
2024-06-21,539.4014282226562,540.5307472774641,537.9254170455512,539.2924747513658,64513900,88.30919835791943,6.701040943771773,0.08351612383825104,-0.0013406532882335176,11.46075439453125
2024-06-24,537.6480102539062,541.8185338516724,537.5291409294473,539.2231194967758,45528700,82.08675358502583,6.455137420847791,0.0837618732347324,-0.0032506735744611825,10.3492431640625
2024-06-25,539.7183837890625,540.0849075862001,537.3507924251047,538.8862381242648,38273300,83.0676194476955,6.354073148759085,0.07800048747345284,0.003850797353790014,10.79034423828125
2024-06-26,540.3920288085938,541.1151605924962,537.935315544085,538.5890968132603,38550600,78.74323520204854,6.256218713224712,0.07606171783128887,0.0012481416971605874,10.190185546875
2024-06-27,541.2439575195312,541.8284487491936,539.5004601471773,540.2533395091051,35041500,79.58283454264627,6.176216318015008,0.07599468127101794,0.001576501253757856,6.6875
2024-06-28,539.1141357421875,545.1173392760371,537.85609191082,542.0265552795133,76144500,74.64336543871843,5.873251834481266,0.07223119260745477,-0.00393504952388668,3.48138427734375
2024-07-01,540.2236328125,540.758544752217,537.4300828689322,540.5108902585941,40297800,74.08139949460382,5.657461742341752,0.0654156277779229,0.002058000331942811,4.2650146484375
2024-07-02,543.8592529296875,543.8592529296875,538.5495544229893,538.5990732354992,40434800,76.45271652137728,5.713943910357443,0.06274188927447477,0.006729842784292561,3.635009765625
2024-07-03,546.2861938476562,546.6527176503928,543.5025598400373,543.5421627913393,32789900,74.55246495607692,5.886682275787734,0.0630906740482967,0.004462443003212968,4.6893310546875
2024-07-05,549.4363403320312,549.8424670776978,545.9493458886657,546.5932717248053,41488400,76.58530507071923,6.206227640325324,0.06408368670458224,0.00576647647305073,9.310791015625
2024-07-08,550.0703735351562,551.0312439407816,548.9905733480141,550.2288458063081,36110500,76.85998610572199,6.436435601504854,0.05438684119239054,0.001153970272046223,10.6689453125
2024-07-09,550.6053466796875,551.9525727530728,550.3081733491656,551.0412210519627,27289700,73.02976142118233,6.586124191149452,0.05404121721289342,0.0009725540044869252,12.95733642578125
2024-07-10,556.0537109375,556.4004030574295,551.5464110657902,551.843584377519,38701200,77.16003091409871,7.062973378062338,0.059092825773210365,0.009895225846729971,16.3353271484375
2024-07-11,551.2590942382812,557.0542459098444,550.6152288053468,556.1725813645302,53054200,68.59464705114823,6.97360689746597,0.07058731451467322,-0.008622578367717515,10.8670654296875
2024-07-12,554.7361450195312,558.3816118783382,551.9228238555439,552.3983011311424,53084400,73.4544436146378,7.101490692682773,0.07215338169507922,0.0063074710559731795,13.4921875
2024-07-15,556.26171875,559.5406617004013,554.3795204861657,556.7570277181121,40584300,78.66947939992517,7.24245406979685,0.06881386471579785,0.0027500889281606433,17.1475830078125
2024-07-16,559.5604248046875,559.8575980887277,556.8263096664786,557.5891048142814,36475300,79.44716590095508,7.533505015547348,0.07020964911771709,0.005930133143262406,19.3367919921875
2024-07-17,551.71484375,555.2513576014627,551.3879228494364,553.5573788940302,57119000,63.85465506193456,7.049826156538643,0.08988420803542341,-0.014020972011067334,7.8555908203125
2024-07-18,547.4749145507812,554.2705999484662,545.2658557697873,553.2700660994436,56270400,57.04049345798518,6.252307613998255,0.09183850692071331,-0.007685001132831548,1.188720703125
2024-07-19,543.8394165039062,548.8816891943164,542.7695320353313,547.2372293030306,65509100,55.16350418514689,5.2662085400178285,0.09491523618106737,-0.006640483335858427,-5.596923828125
2024-07-22,549.4463500976562,550.0605284790182,545.8504015789395,547.8118060573195,43346700,59.176108657077506,4.880886776827992,0.10037873866501698,0.010309906607715913,-0.6240234375
2024-07-23,548.5844116210938,551.5166019194357,548.0891026693448,549.3372304392366,34439600,54.97591645381191,4.454615240280077,0.10044366201309259,-0.0015687400169448473,-2.02093505859375
2024-07-24,536.1521606445312,544.0176699808688,535.2209773062864,543.7105808194543,74515300,41.18558912091599,3.07813045151795,0.12939326274421398,-0.022662421157437884,-19.90155029296875
2024-07-25,533.358642578125,542.3237843826932,532.4076879374397,536.2710620902797,61158300,35.92859409338237,1.7417647974580177,0.12969462090776482,-0.005210308325621638,-17.90045166015625
2024-07-26,539.3320922851562,542.0562919162144,536.4097569520611,537.192383905728,53763800,41.40502715240718,1.1514200046960923,0.1358161047243574,0.011199686721409474,-15.404052734375
2024-07-29,539.6491088867188,541.9176024979843,537.6282093301492,540.8972973275345,39515800,41.19986940036925,0.7010666337998828,0.13570625166326877,0.0005877948041610459,-16.61260986328125
2024-07-30,536.9149780273438,542.2049049678778,533.4676465939222,541.1350205544782,46853600,33.9268084896985,0.12212900532654203,0.13616383860743622,-0.005066497496892808,-22.64544677734375
2024-07-31,545.642333984375,548.3070989978249,542.4426569823155,543.8294859958498,65663400,45.5751893256401,0.3633529453418305,0.14735453842194335,0.016254633068900404,-6.072509765625
2024-08-01,537.9154663085938,549.6641807633281,534.3690370943198,547.3857715555625,76428700,37.58048641555145,-0.06818301818816508,0.15393771565767986,-0.014161048720978675,-9.5594482421875
2024-08-02,527.900390625,531.9519846487756,523.6406845786929,530.7236279231074,82789100,31.392219741213324,-1.204427397215568,0.16512618547472518,-0.018618307728389905,-15.93902587890625
2024-08-05,512.5259399414062,518.6677835651788,505.48263031997044,506.83980235904284,146267400,23.36182848293575,-3.3073735903332135,0.18883520197303627,-0.029123772129418968,-36.92041015625
2024-08-06,517.2512817382812,524.7799553554416,513.0114071118838,514.3487174048885,84826300,29.766297839281663,-4.540339796696571,0.19322061164395676,0.009219712464534346,-31.3331298828125
2024-08-07,513.7938842773438,526.6026277008622,513.1896218330463,523.5118440416625,70698300,30.042343519213716,-5.730400983218942,0.193097912830439,-0.006684173791350556,-22.3582763671875
2024-08-08,525.6714477539062,526.3053973005219,516.9441058934248,518.994631875678,63276600,40.19254846659726,-5.649983447655018,0.2088657692808927,0.023117370291918515,-7.68719482421875
2024-08-09,527.9894409179688,529.495199519807,523.6010107428957,524.8392831555863,45619600,37.99067265897542,-5.3376798446223575,0.209050560248711,0.004409585443468256,-11.3426513671875
2024-08-12,528.2669067382812,530.7037884446491,525.9686656073576,529.1980901235476,42542100,38.55350263190832,-5.010035248664508,0.2070973963535146,0.0005255139569271261,-11.3822021484375
2024-08-13,536.95458984375,537.1923889659508,531.2486806240174,531.4963351382646,52333100,50.47198769033702,-4.003204673632581,0.21640779560133808,0.01644563192328241,0.03961181640625
2024-08-14,538.6485595703125,539.847229165935,535.052611245972,537.7569791487715,42446900,53.152296626493396,-3.0336252457919954,0.21539536028944564,0.0031547727845206985,-6.9937744140625
2024-08-15,547.881103515625,548.168360968592,543.730411684699,544.3445900065761,60846800,54.90393240291883,-1.502912783945476,0.21991696040579262,0.017140199822825997,9.96563720703125
2024-08-16,549.1094360351562,549.8127965494804,546.0880633659141,546.246535635152,44430700,55.37053719924604,-0.18852278767656117,0.21840466243228554,0.00224196912733321,21.20904541015625
2024-08-19,554.3597412109375,554.3597412109375,548.6636875389138,549.5255203879397,39121800,59.62816612936369,1.26224611558996,0.21924266937888665,0.009561491446388404,41.83380126953125
2024-08-20,553.4583129882812,555.5782501123483,552.1011711057072,553.9041032003555,33732300,54.72170908782525,2.312595043514648,0.21671084755132847,-0.0016260708627346965,36.20703125
2024-08-21,555.3602294921875,556.8362405615584,549.5254752640853,554.5182284209087,41514600,61.336385826215746,3.2608834683426267,0.2168459344485392,0.003436422327161903,41.56634521484375
2024-08-22,551.0015258789062,557.8962490623195,549.7731692085193,557.2820707271261,56121500,66.20334179556227,3.618980567437916,0.20205467160260332,-0.007848425907751366,25.330078125
2024-08-23,556.8560791015625,557.8070941103703,552.0614615681247,554.2804965886761,50639400,85.88601734651829,4.325328915631076,0.20303291718975452,0.010625294028573817,28.86663818359375
2024-08-26,555.5286254882812,558.6193486946379,553.8049599073349,557.896216929936,35788600,82.7900532265317,4.7235505079920586,0.2008012363156704,-0.0023838360809905756,27.26171875
2024-08-27,556.2914428710938,556.7867518721707,553.0818502181188,554.240856351132,32693900,88.16730289801369,5.042569375758717,0.20077919177662204,0.0013731378507129133,19.33685302734375
2024-08-28,553.0620727539062,556.3806796641229,549.8326480761413,555.944805281924,41066000,79.12375884223505,4.977434184452591,0.20109958158559899,-0.00580517669033398,14.41351318359375
2024-08-29,553.1115112304688,558.3915218624276,551.9525051521193,555.0531441896234,38715200,78.06560095570326,4.873623252819357,0.1938588293867292,8.939046627509661e-05,5.23040771484375
2024-08-30,558.3915405273438,558.9066812293946,551.9129206487703,555.5088687841893,62700100,80.27081462727723,5.157948953964933,0.18822613448949474,0.009546048472447888,9.2821044921875
2024-09-03,546.900390625,555.5484662312776,544.3544951641693,555.2116295150004,60600100,59.4610160989159,4.405258283690159,0.19108609220210698,-0.02057901860671374,-7.4593505859375
2024-09-04,545.781005859375,549.2283371934773,544.304994695349,545.0380423502995,47224900,56.859780079411856,3.6760453466592935,0.15472102540133917,-0.002046779970929946,-7.67730712890625
2024-09-05,544.45361328125,548.6043056443475,541.9671521129878,545.7216335035239,44264300,46.11239414934565,2.956943548204549,0.1541012546330734,-0.002432097423461843,-10.9066162109375
2024-09-06,535.290283203125,546.4248189179493,534.3789316488474,544.7804197789798,68493800,36.71676536607173,1.6288694429185853,0.16546530865780507,-0.016830322831178357,-15.71124267578125
2024-09-09,541.2835083007812,542.5713599602232,537.588522826048,539.5400715589968,40445800,37.607860966216776,1.0478849586138494,0.15117408628118972,0.011196214999071863,-15.57257080078125
2024-09-10,543.6412963867188,543.9979648614943,538.2820789602596,543.2153378505611,36394600,40.946476577310854,0.7688416349329827,0.15116081132775847,0.004355920787868062,-11.8873291015625
2024-09-11,549.2183837890625,550.1495670752728,534.8940870094609,543.5520781692663,75248600,44.69540262604665,0.9863520814105868,0.15415275497995057,0.010258763341584931,-7.07305908203125
2024-09-12,553.8446655273438,554.151754700655,547.5542047078643,549.80292700237,51892700,52.444269070042246,1.5145738851928172,0.1470686915214042,0.00842339199639408,0.7825927734375
2024-09-13,556.7371826171875,557.7476322358331,554.2012031799659,554.4587735111908,39310500,49.89229857400658,2.141904879537492,0.14753645171736188,0.005222614335536946,3.62567138671875
2024-09-16,557.5594482421875,557.8268739812047,554.6470289741064,556.4697321910213,36656100,51.856596825042544,2.674588188445341,0.136476426906102,0.001476936785746119,-0.83209228515625
2024-09-17,557.7872924804688,561.2643713841238,555.5286543862046,559.7982156086712,49321000,51.38102805107573,3.079628632512936,0.13638617380042423,0.0004086456412846218,10.88690185546875
2024-09-18,556.1329956054688,563.354579399442,555.5683360633434,558.4510079757443,59044900,52.92012573360077,3.2299058264973155,0.13308923705175466,-0.0029658202997837613,10.35198974609375
2024-09-19,565.623046875,567.5052452619498,562.7502909495536,565.6527944370424,75315500,60.0862643294144,4.06787745210022,0.14494570671970458,0.0170643557287935,21.16943359375
2024-09-20,564.6453247070312,565.6985982057745,561.584845604879,564.237952213736,77503100,55.41731434190909,4.600055419420073,0.1449736093999428,-0.0017285755475674458,29.35504150390625
2024-09-23,566.0562744140625,566.7121216588677,564.4962264504853,565.7284114396389,44116900,70.10477415519591,5.077136077916293,0.1415716809320514,0.0024988247405808295,24.77276611328125
2024-09-24,567.6759033203125,567.7355202798775,563.9993624192057,566.8610977742745,46805700,72.74067744176729,5.5222592863202635,0.13766497501203417,0.0028612506908902713,24.03460693359375
2024-09-25,566.4239501953125,568.2622511765038,565.301113457304,567.5170087741786,38428600,72.85484624683808,5.708199906450773,0.13761229098849864,-0.002205401211637481,17.20556640625
2024-09-26,568.6696166992188,571.064362885533,566.2848774298052,570.7364392510955,48336000,90.56080408569517,5.96797065579392,0.13800883579658307,0.003964639036064588,14.824951171875
2024-09-27,567.8448486328125,570.5774039966909,566.8015214416548,569.7527127715928,42100900,86.91246647451894,6.0376902215683685,0.13608451769844093,-0.0014503466374615748,11.107666015625
2024-09-30,570.120361328125,570.7364235043248,564.4763997038558,566.8015219435828,63557400,86.88246966226797,6.205030606669311,0.13633593674921105,0.004007278926261737,12.5609130859375
2024-10-01,565.012939453125,570.4184330981693,562.409564342811,569.7626465103712,72668800,72.2917678840316,5.857995481245098,0.13761370240896006,-0.008958497576024071,7.22564697265625
2024-10-02,565.25146484375,566.2849064967246,561.6842717014576,564.108796170998,38097800,68.37487341336558,5.538371747686256,0.11367331557182479,0.0004221591648074785,9.11846923828125
2024-10-03,564.2180786132812,566.185499206709,561.9028418329451,563.7609747596233,40846500,62.81853645272284,5.142403576254424,0.11358792209132551,-0.0018281885050124291,-1.40496826171875
2024-10-04,569.3452758789062,569.7228701967099,564.4962273588824,568.7192674387571,42939100,67.59870729488878,5.182576402433142,0.11542006107057175,0.00908726157486206,4.699951171875
2024-10-07,564.1981811523438,568.3318263939267,563.0356199616413,567.6759791031835,49964700,58.34660385814683,4.744395688033478,0.10134164939757313,-0.00904037487378262,-1.85809326171875
2024-10-08,569.5341186523438,570.1402952518803,565.9172548337782,566.8015630876895,37398700,65.92118735261785,4.772683354095989,0.09965661820632178,0.009457558847675962,1.85821533203125
2024-10-09,573.4789428710938,574.0453343695604,568.9180327244846,569.5241486507804,37912200,60.749547755816536,5.055143333799151,0.10066658811972816,0.006926405441844974,7.05499267578125
2024-10-10,572.475341796875,573.9161558957669,570.8457305312595,572.117640001393,44138100,60.70655394296492,5.1387760717052515,0.09767687095974444,-0.001750022536475826,3.80572509765625
2024-10-11,575.9034423828125,576.6486847463361,572.2566794174254,572.3958058807981,42268000,62.76081461162944,5.4192054592939485,0.09602175691100538,0.0059882065403507045,8.05859375
2024-10-14,580.6134033203125,581.5573891736228,577.0461496161133,577.533031622562,36217200,65.52228663153609,5.952881145902779,0.09783370812235088,0.008178386498286061,10.4930419921875
2024-10-15,576.1021728515625,581.1896890869497,574.8699878939491,580.8816580095407,54203600,60.76956095334603,5.943293784389425,0.10356827119004047,-0.007769766324635219,11.0892333984375
2024-10-16,578.606201171875,579.1328682582629,575.2874222334457,576.1022278881695,30725400,60.99384267556613,6.067804022039013,0.1039124778521929,0.004346500392314434,13.354736328125
2024-10-17,578.6558227539062,582.4019270642203,578.4670255981297,582.1932373716321,34393700,62.17001342551177,6.100164431048597,0.10269737222400901,8.576054306153047e-05,14.437744140625
2024-10-18,580.8816528320312,581.6765658652295,578.8843936568359,580.3649320688628,37416800,62.12765079343243,6.2335595790284515,0.08743919284125007,0.0038465526321536103,11.536376953125
2024-10-21,579.927734375,581.1399661656003,576.9169261394305,580.1463096888544,36439000,68.54462445397614,6.1909376718532485,0.08740232089878512,-0.0016421907154073878,15.72955322265625
2024-10-22,579.6197509765625,580.7922584378235,576.6983982686804,577.3641311814339,34183800,67.8343070825101,6.062423967246787,0.08749712777102965,-0.0005310720287751147,10.08563232421875
2024-10-23,574.3235473632812,578.0199813159995,570.7761861542631,577.5728237328826,49314600,61.3428533063683,5.470159962096773,0.0941788874601996,-0.009137376019982102,0.8446044921875
2024-10-24,575.5655517578125,576.3803573236686,572.91250602068,576.3008478263231,34979900,57.64907029492073,5.042874725009142,0.09377936493434473,0.0021625517536818517,3.0902099609375
2024-10-25,575.3668212890625,580.7524830298728,574.4129498913522,577.82118431004,47268200,65.63710786952768,4.634785288473154,0.09311472563373033,-0.0003452786014435105,-0.53662109375
2024-10-28,577.1455688476562,579.013648071529,576.8375377335062,578.8844678641772,30174700,61.8356415045632,4.404133423627968,0.09320807185978595,0.0030915017911679055,-3.46783447265625
2024-10-29,578.0795288085938,579.2122510622435,574.7606896006656,576.1716647696521,42899700,57.89287404658487,4.2477376469308865,0.09253215721785672,0.0016182398537725184,1.97735595703125
2024-10-30,576.3307495117188,579.6197502905108,575.6152852535009,577.6025983681301,41435800,56.44952144463072,3.937294315045051,0.08681492661507047,-0.0030251534775486144,-2.27545166015625
2024-10-31,565.0328979492188,571.9785478103307,564.8341545016019,571.9089845712656,60182500,35.605302590678605,2.7479469153904574,0.11273461376769332,-0.019603069196068024,-13.6229248046875
2024-11-01,567.4176025390625,571.8990031889416,567.0002837782789,567.6958554782392,45667500,31.379533678756474,1.975039240031606,0.11345175187528843,0.004220470345176475,-13.46405029296875
2024-11-04,566.1953735351562,568.8683117841309,564.2875701521782,567.5566780058409,38217000,34.5902551375943,1.249477474239029,0.10908481125543734,-0.0021540202461768354,-13.73236083984375
2024-11-05,573.041748046875,573.0814724758461,566.9009578077806,567.1195331390961,39478300,42.37473277105129,1.212927875487594,0.1120442926283914,0.012091894126530889,-6.5780029296875
2024-11-06,587.290771484375,588.1751404085513,581.6766481170673,585.4624773142872,68182000,58.518023469344755,2.3071438444089836,0.13644861601914776,0.024865593974724653,12.96722412109375
2024-11-07,591.8317260742188,592.8651676361171,589.2382971968773,589.3178066973262,47233200,60.32997227007657,3.5003847121905665,0.1368778677350156,0.007732038047127077,16.26617431640625
2024-11-08,594.3953857421875,595.8361998006164,592.3881801994943,592.3881801994943,46444900,63.24604638167085,4.599878075422112,0.1366768506336032,0.0043317374770937,19.028564453125
2024-11-11,594.9617309570312,596.362759831691,593.2128859447075,596.0050580740726,37586800,63.98040897325089,5.454062772295742,0.1358455566051807,0.0009528089020014452,17.816162109375
2024-11-12,593.1136474609375,595.48844063711,590.5996671575766,594.8823246679941,43006100,68.27068365284295,5.913715771328384,0.13455030678944804,-0.0031062224676552397,15.03411865234375
2024-11-13,593.4017333984375,595.4287708447639,591.1858987893664,593.5805842924092,47388600,67.67094792346951,6.229431206937079,0.13071789320848481,0.000485717937419361,17.07098388671875
2024-11-14,589.5860595703125,594.0177893902365,588.8905485392219,593.5309074092812,38904100,63.145397914503675,6.1014116991794936,0.1329950720797448,-0.006430169669833119,24.55316162109375
2024-11-15,582.0343017578125,586.456085364698,580.1562763950889,585.979088998431,75988800,54.08364390922857,5.329160331145204,0.14132670517518295,-0.012808575932076294,14.61669921875
2024-11-18,584.4190673828125,585.75053306763,581.6268951744081,582.5012570573457,37084100,55.17021329550263,4.8536266273446245,0.14140864164187664,0.00409729395294689,18.22369384765625
2024-11-19,586.555419921875,587.2907160283254,580.3252349064234,581.0009140487828,49412000,58.28635025845226,4.596166787000584,0.14168543589485807,0.003655514780908309,13.513671875
2024-11-20,586.754150390625,587.0422889360375,580.9213917152948,586.6349164650766,50032600,71.4650708041357,4.357928410597083,0.1416345148120509,0.0003388093639582479,-0.53662109375
2024-11-21,589.904052734375,591.344866826489,583.7235382544677,589.6358067130162,46750300,71.89018839852932,4.372885671200038,0.13791208525163137,0.005368351193856924,-1.92767333984375
2024-11-22,591.732421875,592.3683766226027,589.3874069721955,589.8941208684593,38226400,74.56993698947085,4.480623676665914,0.13802563049559793,0.003099434784606059,-2.6629638671875
2024-11-25,593.7396240234375,597.0484566493915,591.4243872937958,595.7169908429067,42441400,71.9587909241608,4.674091246331727,0.1380639607748482,0.0033920773549593886,-1.22210693359375
2024-11-26,596.8397827148438,597.5154618364036,594.2761320418831,595.0014818573266,45621300,63.26987245058075,5.0197085113806,0.13856633573686877,0.0052214111471931,3.72613525390625
2024-11-27,595.0313110351562,597.0384558306165,593.4911556618155,596.6509759062111,34000200,54.811759263338764,5.089021066399596,0.13949207399240524,-0.0030300789794227567,1.62957763671875
2024-11-29,598.7277221679688,599.5226352519451,595.5778479906228,595.856040278423,30177400,56.30060697299956,5.380201636437732,0.13948015005869235,0.006212128780890502,9.14166259765625
2024-12-02,599.8009033203125,600.4865287602358,598.648227768682,599.1450560396994,31746000,56.935466093762855,5.6326316150142475,0.1152788442672834,0.0017924360483223545,17.7666015625
2024-12-03,600.0790405273438,600.3274546400478,598.5190532697817,599.5623804135435,26906600,60.45314901560631,5.7884024396448694,0.11544941258475744,0.0004637158855407275,15.65997314453125
2024-12-04,603.8052978515625,604.0537119830409,601.1125274810446,601.7882066409081,42787600,64.15244104948522,6.14173170486697,0.11467547872808263,0.0062096108555036444,17.2498779296875
2024-12-05,602.8116455078125,604.6201076752798,602.4539437115175,603.8053020406198,28762200,69.48759272183091,6.269299669230463,0.11093702789418534,-0.001645650257269371,16.0574951171875
2024-12-06,603.954345703125,605.2063625778626,603.1693789132718,603.5866976555247,31241500,89.8194510353514,6.388956640717083,0.07629158094764793,0.0018956173189883518,14.05029296875
2024-12-09,600.8441772460938,604.0039974916313,600.2480076329648,603.8350928759075,34742700,79.07130495654035,6.161791751255805,0.07577208228236487,-0.005149674771211976,9.11175537109375
2024-12-10,598.9761352539062,601.9571047996105,598.3104023701336,601.5298397758172,37234500,72.19460482891152,5.764576117671368,0.07569583607067423,-0.003109029034365385,5.23651123046875
2024-12-11,603.6065673828125,604.5703850257809,601.6589789125985,601.9372318289047,28677700,75.99631677261908,5.757053313976144,0.07985083208915103,0.007730578659771448,6.76678466796875
2024-12-12,600.4964599609375,603.3084642377864,600.4964599609375,602.7321871244142,31543800,66.35979366671444,5.43745219692596,0.08138480073142447,-0.005152540727580535,5.46514892578125
2024-12-13,600.3772583007812,603.2787185052333,598.9861148428745,602.5533686161162,35904700,64.0960109553922,5.115578229801031,0.08143025317965213,-0.00019850518380071236,1.6495361328125
2024-12-16,602.9407958984375,603.9245667615821,601.370862320769,602.1558291096032,43695200,64.73580494060792,5.009599309162354,0.07820628273665288,0.004269877917947307,3.139892578125
2024-12-17,600.4566650390625,601.3310876116105,599.0655823267214,600.3573236481737,55773500,55.9090827504921,4.671313655387962,0.06289234220346587,-0.004120024513639686,0.37762451171875
2024-12-18,582.5609741210938,602.5632240884986,582.1734335224694,600.1486460207312,108248700,36.64607396639983,2.925464210622522,0.12592116565647785,-0.029803467860256894,-21.24432373046875
2024-12-19,582.3820190429688,589.2382727831096,582.1336049313401,587.6086616553114,85919500,31.070054257626182,1.510019206803463,0.12516015222108257,-0.0003071868629631602,-20.42962646484375
2024-12-20,589.3770751953125,593.963254751842,579.1677354036608,580.0252023798975,125716700,39.384253906687064,0.9418543047755747,0.13220605241533495,0.012011112849670047,-14.5772705078125
2024-12-23,592.9064331054688,593.5145890145251,585.8974879778806,589.1178420766572,57635800,43.14901744051825,0.7675217013784277,0.13252498038744273,0.005988285019376871,-7.937744140625
2024-12-24,599.49658203125,599.5365010094702,593.6840502010506,594.2723074608894,33160100,46.097968117800534,1.1478995281081552,0.13745989404777947,0.011114989748490345,0.52044677734375
2024-12-26,599.5364990234375,600.673033709029,596.286266618511,597.7019907423149,41219100,46.981846079774655,1.4360191293034177,0.13709890101549652,6.658418643890052e-05,-4.070068359375
2024-12-27,593.2254638671875,595.9871755936747,588.9882104091681,595.7478442826339,64969300,40.972872707552746,1.1419445692932868,0.14106699874962297,-0.010526523683762057,-7.27099609375
2024-12-30,586.455810546875,589.9652730101648,582.6572397439561,586.1268440800185,56578800,38.596095740182996,0.3585013349664905,0.1460798106564534,-0.011411602725516334,-13.92144775390625
2024-12-31,584.322265625,588.8685869923663,582.6672101639617,588.1407350043717,57052700,38.4343395902842,-0.4295902678603625,0.14420127963137624,-0.003638031857652546,-18.6185302734375
